Date;Value;P&L
2010-05-04;0;0
2010-05-05;0;0
2010-05-06;0;0
2010-05-07;0;0
2010-05-10;0;0
2010-05-11;0;0
2010-05-12;0;0
2010-05-13;0;0
2010-05-14;0;0
2010-05-17;0;0
2010-05-18;0;0
2010-05-19;0;0
2010-05-20;0;0
2010-05-21;0;0
2010-05-24;0;0
2010-05-25;0;0
2010-05-26;0;0
2010-05-27;0;0
2010-05-28;83200;0
2010-06-01;82818.4;-381.646
2010-06-02;82284;-915.962
2010-06-03;83658;457.985
2010-06-04;82055;-1144.95
2010-06-07;80757.4;-2442.57
2010-06-08;79994.1;-3205.87
2010-06-09;81826.1;-1373.94
2010-06-10;82055;-1144.95
2010-06-11;82436.7;-763.298
2010-06-14;83963.3;763.306
2010-06-15;83734.3;534.317
2010-06-16;84726.6;1526.61
2010-06-17;84573.9;1373.95
2010-06-18;85108.3;1908.26
2010-06-21;85795.2;2595.23
2010-06-22;84802.9;1602.94
2010-06-23;82894.7;-305.321
2010-06-24;81902.4;-1297.62
2010-06-25;81520.7;-1679.26
2010-06-28;82284;-915.962
2010-06-29;79688.8;-3511.19
2010-06-30;81612.5;-3587.52
2010-07-01;79499.8;-5700.21
2010-07-02;79734.5;-5465.47
2010-07-05;86072.6;872.606
2010-07-06;80986.5;-4213.5
2010-07-07;81534.2;-3665.77
2010-07-08;82942.7;-2257.3
2010-07-09;83646.9;-1553.08
2010-07-12;83881.7;-1318.33
2010-07-13;85524.9;324.873
2010-07-14;85681.4;481.365
2010-07-15;84742.4;-457.608
2010-07-16;83881.7;-1318.33
2010-07-19;83177.4;-2022.56
2010-07-20;83255.7;-1944.31
2010-07-21;84194.7;-1005.34
2010-07-22;85524.9;324.873
2010-07-23;85446.6;246.624
2010-07-26;86776.8;1576.84
2010-07-27;86855.1;1655.09
2010-07-28;86620.3;1420.34
2010-07-29;85681.4;481.365
2010-07-30;87837.9;637.864
2010-08-02;89919.7;2719.7
2010-08-03;89839.6;2639.64
2010-08-04;89839.6;2639.64
2010-08-05;89679.5;2479.49
2010-08-06;88718.6;1518.64
2010-08-09;90079.8;2879.85
2010-08-10;89359.2;2159.21
2010-08-11;87437.5;237.508
2010-08-12;86877;-322.986
2010-08-13;86396.6;-803.416
2010-08-16;86396.6;-803.416
2010-08-17;87757.8;557.792
2010-08-18;87357.4;157.435
2010-08-19;86076.3;-1123.7
2010-08-20;85355.7;-1844.34
2010-08-23;85675.9;-1524.06
2010-08-24;84555;-2645.04
2010-08-25;83514;-3685.97
2010-08-26;84154.6;-3045.4
2010-08-27;84394.8;-2805.19
2010-08-31;85994.5;-3205.55
2010-09-01;88125.9;-1074.13
2010-09-02;88535.8;-664.239
2010-09-03;89601.5;401.47
2010-09-06;90257.3;1057.29
2010-09-07;89437.5;237.511
2010-09-08;90011.4;811.352
2010-09-09;90667.2;1467.18
2010-09-10;90585.2;1385.2
2010-09-13;91650.9;2450.91
2010-09-14;91896.8;2696.84
2010-09-15;91568.9;2368.93
2010-09-16;91568.9;2368.93
2010-09-17;91896.8;2696.84
2010-09-20;92962.5;3762.55
2010-09-21;93044.5;3844.53
2010-09-22;92634.6;3434.64
2010-09-23;92880.6;3680.57
2010-09-24;93700.3;4500.35
2010-09-27;93618.4;4418.37
2010-09-28;93618.4;4418.37
2010-09-29;93618.4;4418.37
2010-09-30;95126.5;3926.5
2010-10-01;95377.7;4177.72
2010-10-04;94959;3759.03
2010-10-05;96466.3;5266.32
2010-10-06;97052.5;5852.48
2010-10-07;96801.3;5601.27
2010-10-08;97303.7;6103.69
2010-10-11;97387.4;6187.43
2010-10-12;97220;6019.95
2010-10-13;98643.5;7443.5
2010-10-14;98141.1;6941.08
2010-10-15;98308.5;7108.55
2010-10-18;98476;7276.03
2010-10-19;98057.3;6857.34
2010-10-20;98476;7276.03
2010-10-21;98978.5;7778.45
2010-10-22;98727.2;7527.24
2010-10-25;99564.6;8364.63
2010-10-26;98978.5;7778.45
2010-10-27;98057.3;6857.34
2010-10-28;98811;7610.98
2010-10-29;100644;7443.5
2010-11-01;101412;8212.43
2010-11-02;101669;8468.73
2010-11-03;101583;8383.3
2010-11-04;103719;10519.2
2010-11-05;104317;11117.2
2010-11-08;104146;10946.4
2010-11-09;104317;11117.2
2010-11-10;103207;10006.6
2010-11-11;103121;9921.14
2010-11-12;102609;9408.53
2010-11-15;102779;9579.4
2010-11-16;100644;7443.5
2010-11-17;100814;7614.38
2010-11-18;102352;9152.22
2010-11-19;102010;8810.47
2010-11-22;101754;8554.17
2010-11-23;100387;7187.2
2010-11-24;101754;8554.17
2010-11-25;102181;8981.35
2010-11-26;101327;8126.99
2010-11-29;100216;7016.32
2010-11-30;102473;7272.63
2010-12-01;104390;9189.63
2010-12-02;105871;10671
2010-12-03;105784;10583.8
2010-12-06;106132;10932.4
2010-12-07;106829;11629.5
2010-12-08;106307;11106.6
2010-12-09;106829;11629.5
2010-12-10;107352;12152.3
2010-12-13;108137;12936.5
2010-12-14;108224;13023.6
2010-12-15;107962;12762.2
2010-12-16;107875;12675.1
2010-12-17;107962;12762.2
2010-12-20;108137;12936.5
2010-12-21;109008;13807.9
2010-12-22;109356;14156.4
2010-12-23;109356;14156.4
2010-12-24;109095;13895
2010-12-29;109705;14505
2010-12-30;109356;14156.4
2010-12-31;111269;14069.3
2011-01-04;112245;15045.3
2011-01-05;112866;15666.5
2011-01-06;112778;15577.7
2011-01-07;112334;15134.1
2011-01-10;112157;14956.6
2011-01-11;113133;15932.6
2011-01-12;113931;16731.2
2011-01-13;113931;16731.2
2011-01-14;114020;16820
2011-01-17;114464;17263.6
2011-01-18;114641;17441.1
2011-01-19;114020;16820
2011-01-20;112689;15489
2011-01-21;113931;16731.2
2011-01-24;114286;17086.2
2011-01-25;113754;16553.8
2011-01-26;114730;17529.8
2011-01-27;114730;17529.8
2011-01-28;113842;16642.5
2011-01-31;115576;16376.3
2011-02-01;117382;18182.2
2011-02-02;117653;18453.1
2011-02-03;117292;18091.9
2011-02-04;117834;18633.7
2011-02-07;119278;20078.4
2011-02-08;119188;19988.1
2011-02-09;119007;19807.5
2011-02-10;119188;19988.1
2011-02-11;119640;20439.5
2011-02-14;119910;20710.4
2011-02-15;119910;20710.4
2011-02-16;120452;21252.2
2011-02-17;120904;21703.7
2011-02-18;121175;21974.5
2011-02-21;120181;20981.3
2011-02-22;119910;20710.4
2011-02-23;118014;18814.2
2011-02-24;117563;18362.8
2011-02-25;118285;19085.1
2011-02-28;121278;20078.4
2011-03-01;120819;19619.3
2011-03-02;119809;18609.4
2011-03-03;121370;20170.2
2011-03-04;121095;19894.7
2011-03-07;119993;18793
2011-03-08;120911;19711.1
2011-03-09;120452;19252.1
2011-03-10;119167;17966.8
2011-03-11;118616;17415.9
2011-03-14;117881;16681.5
2011-03-15;116872;15671.6
2011-03-16;115862;14661.7
2011-03-17;116780;15579.8
2011-03-18;117514;16314.2
2011-03-21;119075;17875
2011-03-22;118616;17415.9
2011-03-23;118249;17048.7
2011-03-24;119718;18517.6
2011-03-25;120544;19343.9
2011-03-28;120544;19343.9
2011-03-29;120452;19252.1
2011-03-30;121646;20445.6
2011-03-31;123370;20170.2
2011-04-01;124490;21290
2011-04-04;124210;21010.1
2011-04-05;124303;21103.4
2011-04-06;124210;21010.1
2011-04-07;124023;20823.4
2011-04-08;124210;21010.1
2011-04-11;123930;20730.1
2011-04-12;122157;18957
2011-04-13;122530;19330.3
2011-04-14;121784;18583.7
2011-04-15;122904;19703.6
2011-04-18;120851;17650.5
2011-04-19;121410;18210.4
2011-04-20;123837;20636.8
2011-04-21;124490;21290
2011-04-26;125517;22316.5
2011-04-27;125237;22036.6
2011-04-28;126450;23249.8
2011-04-29;128450;23249.8
2011-05-03;128450;23249.8
2011-05-04;127123;21922.6
2011-05-05;126649;21448.6
2011-05-06;128071;22870.6
2011-05-09;126933;21733
2011-05-10;127881;22681
2011-05-11;127881;22681
2011-05-12;127028;21827.8
2011-05-13;127028;21827.8
2011-05-16;127028;21827.8
2011-05-17;125037;19837.1
2011-05-18;126364;21164.2
2011-05-19;126649;21448.6
2011-05-20;126269;21069.4
2011-05-23;124468;19268.3
2011-05-24;124942;19742.3
2011-05-25;124563;19363.1
2011-05-26;124468;19268.3
2011-05-27;125890;20690.2
2011-05-31;128459;21259
2011-06-01;127785;20585
2011-06-02;125570;18370.1
2011-06-03;124992;17792.4
2011-06-06;124318;17118.3
2011-06-07;123933;16733.1
2011-06-08;123259;16059
2011-06-09;123644;16444.2
2011-06-10;122103;14903.5
2011-06-13;122200;14999.8
2011-06-14;123548;16347.9
2011-06-15;122585;15385
2011-06-16;122296;15096.1
2011-06-17;122585;15385
2011-06-20;122585;15385
2011-06-21;124318;17118.3
2011-06-22;124511;17310.9
2011-06-23;121911;14710.9
2011-06-24;122296;15096.1
2011-06-27;122489;15288.7
2011-06-28;123933;16733.1
2011-06-29;125474;18273.8
2011-06-30;128726;19525.7
2011-07-01;129997;20797.3
2011-07-04;130584;21384.2
2011-07-05;130389;21188.6
2011-07-06;130389;21188.6
2011-07-07;131758;22558
2011-07-08;130291;21090.7
2011-07-11;129117;19917
2011-07-12;128824;19623.5
2011-07-13;129899;20699.5
2011-07-14;128726;19525.7
2011-07-15;128139;18938.8
2011-07-18;126965;17765
2011-07-19;128530;19330.1
2011-07-20;129508;20308.2
2011-07-21;130878;21677.6
2011-07-22;130878;21677.6
2011-07-25;130878;21677.6
2011-07-26;130389;21188.6
2011-07-27;128726;19525.7
2011-07-28;128334;19134.4
2011-07-29;128867;17667.2
2011-08-01;127277;16077.5
2011-08-02;126185;14984.5
2011-08-03;123701;12500.6
2011-08-04;121415;10215.3
2011-08-05;117739;6539.11
2011-08-08;114659;3459.01
2011-08-09;113765;2564.79
2011-08-10;111778;577.631
2011-08-11;114162;2962.22
2011-08-12;116969;5769.08
2011-08-15;118137;6936.54
2011-08-16;118733;7532.68
2011-08-17;119130;7930.11
2011-08-18;113367;2167.36
2011-08-19;112871;1670.56
2011-08-22;112076;875.702
2011-08-23;113069;1869.28
2011-08-24;115156;3955.8
2011-08-25;115454;4253.87
2011-08-26;115355;4154.51
2011-08-30;119528;8327.54
2011-08-31;122919;9718.56
2011-09-01;122616;9415.56
2011-09-02;119081;5880.51
2011-09-05;115242;2042.46
2011-09-06;115646;2446.46
2011-09-07;119586;6385.52
2011-09-08;120697;7496.53
2011-09-09;116858;3658.48
2011-09-12;115444;2244.47
2011-09-13;117060;3860.48
2011-09-14;118474;5274.5
2011-09-15;120495;7294.53
2011-09-16;121505;8304.54
2011-09-19;120192;6991.52
2011-09-20;122717;9516.55
2011-09-21;120495;7294.53
2011-09-22;113727;527.443
2011-09-23;114535;1335.45
2011-09-26;115343;2143.46
2011-09-27;119687;6486.52
2011-09-28;118171;4971.49
2011-09-29;117060;3860.48
2011-09-30;117646;2446.46
2011-10-03;115592;391.505
2011-10-04;111893;-3307.42
2011-10-05;115797;597.005
2011-10-06;118160;2960.2
2011-10-07;119188;3987.69
2011-10-10;121859;6659.13
2011-10-11;122373;7172.87
2011-10-12;124325;9125.09
2011-10-13;122167;6967.38
2011-10-14;124222;9022.34
2011-10-17;124222;9022.34
2011-10-18;123298;8097.6
2011-10-19;125764;10563.6
2011-10-20;123503;8303.11
2011-10-21;126586;11385.5
2011-10-24;128538;13337.8
2011-10-25;126997;11796.5
2011-10-26;125866;10666.3
2011-10-27;130284;15084.5
2011-10-28;131620;16420.2
2011-10-31;131462;14262.5
2011-11-01;126872;9671.73
2011-11-02;128750;11549.8
2011-11-03;130210;13010.5
2011-11-04;129793;12593.1
2011-11-07;129689;12488.8
2011-11-08;130941;13740.8
2011-11-09;130106;12906.1
2011-11-10;128437;11236.8
2011-11-11;131775;14575.5
2011-11-14;130941;13740.8
2011-11-15;129897;12697.5
2011-11-16;130732;13532.1
2011-11-17;128332;11132.4
2011-11-18;127080;9880.41
2011-11-21;123742;6541.67
2011-11-22;123429;6228.67
2011-11-23;120925;3724.62
2011-11-24;120507;3307.28
2011-11-25;121342;4141.96
2011-11-28;124263;7063.35
2011-11-29;124681;7480.69
2011-11-30;130541;11341.1
2011-12-01;130965;11764.9
2011-12-02;132448;13248.4
2011-12-05;133402;14202
2011-12-06;132554;13354.3
2011-12-07;132236;13036.4
2011-12-08;131283;12082.8
2011-12-09;132236;13036.4
2011-12-12;130117;10917.3
2011-12-13;130965;11764.9
2011-12-14;127892;8692.13
2011-12-15;128740;9539.79
2011-12-16;129482;10281.5
2011-12-19;128210;9010.01
2011-12-20;130541;11341.1
2011-12-21;130223;11023.2
2011-12-22;131919;12718.6
2011-12-23;133190;13990.1
2011-12-28;132342;13142.4
2011-12-29;132872;13672.2
2011-12-30;135720;14519.9
2012-01-03;137656;16455.6
2012-01-04;136473;15272.7
2012-01-05;136688;15487.7
2012-01-06;137333;16133
2012-01-09;137010;15810.4
2012-01-10;138946;17746.2
2012-01-11;138193;16993.4
2012-01-12;138408;17208.4
2012-01-13;137978;16778.3
2012-01-16;139161;17961.2
2012-01-17;139591;18391.4
2012-01-18;139591;18391.4
2012-01-19;141097;19897
2012-01-20;140667;19466.9
2012-01-23;141420;20219.7
2012-01-24;140989;19789.5
2012-01-25;140989;19789.5
2012-01-26;142280;21080
2012-01-27;141312;20112.1
2012-01-30;140237;19036.7
2012-01-31;142344;19144.2
2012-02-01;144417;21216.7
2012-02-02;144526;21325.7
2012-02-03;146271;23071
2012-02-06;146053;22852.8
2012-02-07;146707;23507.3
2012-02-08;146271;23071
2012-02-09;146816;23616.3
2012-02-10;145944;22743.7
2012-02-13;146925;23725.4
2012-02-14;146707;23507.3
2012-02-15;147471;24270.8
2012-02-16;147034;23834.5
2012-02-17;148016;24816.2
2012-02-20;149107;25906.9
2012-02-21;148889;25688.8
2012-02-22;147580;24379.9
2012-02-23;147798;24598
2012-02-24;148452;25252.5
2012-02-27;148562;25361.6
2012-02-28;148998;25797.9
2012-02-29;150343;25143.4
2012-03-01;151007;25806.7
2012-03-02;151007;25806.7
2012-03-05;149791;24590.7
2012-03-06;148132;22932.5
2012-03-07;148796;23595.8
2012-03-08;150122;24922.3
2012-03-09;151228;26027.8
2012-03-12;150786;25585.6
2012-03-13;152444;27243.8
2012-03-14;153549;28349.3
2012-03-15;154323;29123.1
2012-03-16;154765;29565.3
2012-03-19;155318;30118
2012-03-20;154544;29344.2
2012-03-21;154876;29675.8
2012-03-22;153439;28238.7
2012-03-23;153770;28570.4
2012-03-26;155429;30228.6
2012-03-27;156202;31002.4
2012-03-28;154986;29786.4
2012-03-29;153549;28349.3
2012-03-30;157207;30007.5
2012-04-02;158103;30903.2
2012-04-03;157879;30679.3
2012-04-04;155752;28551.8
2012-04-05;156312;29111.7
2012-04-10;153400;26200.4
2012-04-11;153065;25864.5
2012-04-12;154520;27320.2
2012-04-13;153624;26424.4
2012-04-16;152953;25752.6
2012-04-17;154968;27768
2012-04-18;154744;27544.1
2012-04-19;154632;27432.1
2012-04-20;154856;27656.1
2012-04-23;152057;24856.8
2012-04-24;153512;26312.4
2012-04-25;154856;27656.1
2012-04-26;155640;28439.9
2012-04-27;156648;29447.6
2012-04-30;158088;28887.7
2012-05-01;159789;30588.8
2012-05-02;158315;29114.6
2012-05-03;158428;29228
2012-05-04;155479;26279.4
2012-05-08;152871;23671.1
2012-05-09;153552;24351.5
2012-05-10;154005;24805.1
2012-05-11;154572;25372.2
2012-05-14;152304;23104.1
2012-05-15;151397;22196.8
2012-05-16;151057;21856.6
2012-05-17;149129;19928.7
2012-05-18;147995;18794.6
2012-05-21;148108;18908
2012-05-22;150376;21176.2
2012-05-23;146974;17774
2012-05-24;149242;20042.1
2012-05-25;149355;20155.5
2012-05-29;150490;21289.6
2012-05-30;148562;19361.7
2012-05-31;149087;17887.4
2012-06-01;147133;15933.3
2012-06-06;149662;18462.1
2012-06-07;151156;19956.4
2012-06-08;150697;19496.6
2012-06-11;151386;20186.3
2012-06-12;151041;19841.5
2012-06-13;151616;20416.2
2012-06-14;151961;20761.1
2012-06-15;153111;21910.6
2012-06-18;153685;22485.3
2012-06-19;155524;24324.5
2012-06-20;155295;24094.6
2012-06-21;153915;22715.2
2012-06-22;152306;21105.9
2012-06-25;150467;19266.8
2012-06-26;150467;19266.8
2012-06-27;152306;21105.9
2012-06-28;151156;19956.4
2012-06-29;157295;24094.6
2012-07-02;157527;24327.4
2012-07-03;159623;26423.1
2012-07-04;159507;26306.7
2012-07-05;159157;25957.4
2012-07-06;156829;23628.9
2012-07-09;156829;23628.9
2012-07-10;156712;23512.4
2012-07-11;155897;22697.4
2012-07-12;154500;21300.3
2012-07-13;156945;23745.3
2012-07-16;157527;24327.4
2012-07-17;156829;23628.9
2012-07-18;159157;25957.4
2012-07-19;159856;26656
2012-07-20;158575;25375.3
2012-07-23;156247;23046.7
2012-07-24;156014;22813.9
2012-07-25;155082;21882.4
2012-07-26;157411;24211
2012-07-27;159740;26539.6
2012-07-30;160787;27587.4
2012-07-31;163020;27820.3
2012-08-01;162431;27230.9
2012-08-02;160427;25227
2012-08-03;163728;28527.5
2012-08-06;164317;29116.9
2012-08-07;165024;29824.1
2012-08-08;165142;29942
2012-08-09;165142;29942
2012-08-10;164788;29588.4
2012-08-13;164671;29470.5
2012-08-14;165849;30649.3
2012-08-15;165378;30177.8
2012-08-16;166203;31002.9
2012-08-17;166792;31592.2
2012-08-20;166557;31356.5
2012-08-21;167499;32299.5
2012-08-22;165260;30059.9
2012-08-23;165260;30059.9
2012-08-24;165378;30177.8
2012-08-28;165496;30295.6
2012-08-29;165260;30059.9
2012-08-30;164553;29352.6
2012-08-31;167614;30413.5
2012-09-03;167614;30413.5
2012-09-04;166301;29101.2
2012-09-05;167136;29936.3
2012-09-06;169880;32680.2
2012-09-07;170715;33515.3
2012-09-10;170954;33753.8
2012-09-11;170954;33753.8
2012-09-12;170954;33753.8
2012-09-13;171192;33992.4
2012-09-14;174771;37571.4
2012-09-17;174056;36855.6
2012-09-18;173817;36617
2012-09-19;174056;36855.6
2012-09-20;173221;36020.5
2012-09-21;174056;36855.6
2012-09-24;173221;36020.5
2012-09-25;173817;36617
2012-09-26;170715;33515.3
2012-09-27;171073;33873.1
2012-09-28;172835;33634.5
2012-10-01;175007;35807.1
2012-10-02;173921;34720.8
2012-10-03;174645;35445
2012-10-04;175490;36289.8
2012-10-05;176697;37496.8
2012-10-08;175248;36048.4
2012-10-09;173800;34600.1
2012-10-10;173317;34117.3
2012-10-11;173559;34358.7
2012-10-12;172231;33031.1
2012-10-15;172472;33272.5
2012-10-16;175007;35807.1
2012-10-17;175731;36531.2
2012-10-18;175973;36772.6
2012-10-19;173679;34479.4
2012-10-22;171990;32789.7
2012-10-23;169817;30617.2
2012-10-24;170421;31220.7
2012-10-25;169696;30496.5
2012-10-26;169696;30496.5
2012-10-29;169696;30496.5
2012-10-30;170421;31220.7
2012-10-31;171214;30013.7
2012-11-01;174022;32822.5
2012-11-02;173778;32578.2
2012-11-05;172313;31112.8
2012-11-06;173656;32456.1
2012-11-07;169504;28304
2012-11-08;169748;28548.3
2012-11-09;168893;27693.4
2012-11-12;168161;26960.7
2012-11-13;169260;28059.8
2012-11-14;166939;25739.5
2012-11-15;164986;23785.5
2012-11-16;164009;22808.6
2012-11-19;168527;27327.1
2012-11-20;169382;28181.9
2012-11-21;168893;27693.4
2012-11-22;169504;28304
2012-11-23;170725;29525.2
2012-11-26;170115;28914.6
2012-11-27;170847;29647.3
2012-11-28;170359;29158.9
2012-11-29;172313;31112.8
2012-11-30;174069;30868.6
2012-12-03;174192;30992.1
2012-12-04;173204;30003.8
2012-12-05;172957;29756.7
2012-12-06;173945;30745
2012-12-07;174316;31115.6
2012-12-10;174933;31733.3
2012-12-11;176539;33339.4
2012-12-12;176292;33092.3
2012-12-13;175675;32474.6
2012-12-14;174439;31239.2
2012-12-17;175428;32227.5
2012-12-18;177528;34327.7
2012-12-19;178022;34821.9
2012-12-20;176910;33710
2012-12-21;175798;32598.1
2012-12-24;175798;32598.1
2012-12-27;173698;30497.9
2012-12-28;173821;30621.5
2012-12-31;173474;28274.2
2013-01-02;181098;35898.1
2013-01-03;182473;37272.9
2013-01-04;182348;37147.9
2013-01-07;182098;36897.9
2013-01-08;181223;36023.1
2013-01-09;182473;37272.9
2013-01-10;182598;37397.8
2013-01-11;183223;38022.8
2013-01-14;183348;38147.7
2013-01-15;182973;37772.8
2013-01-16;183723;38522.7
2013-01-17;184598;39397.6
2013-01-18;184473;39272.6
2013-01-21;185722;40522.4
2013-01-22;185222;40022.5
2013-01-23;185972;40772.4
2013-01-24;187347;42147.1
2013-01-25;186847;41647.2
2013-01-28;187347;42147.1
2013-01-29;187847;42647.1
2013-01-30;187972;42772.1
2013-01-31;188722;41522.2
2013-02-01;190617;43417
2013-02-04;189228;42027.5
2013-02-05;190364;43164.4
2013-02-06;190617;43417
2013-02-07;189480;42280.2
2013-02-08;191249;44048.6
2013-02-11;191375;44175
2013-02-12;191501;44301.3
2013-02-13;191754;44553.9
2013-02-14;191880;44680.2
2013-02-15;192133;44932.9
2013-02-18;192007;44806.6
2013-02-19;192891;45690.8
2013-02-20;192356;44553.9
2013-02-21;189568;41766.2
2013-02-22;190329;42526.5
2013-02-25;191469;43666.9
2013-02-26;187668;39865.4
2013-02-27;190329;42526.5
2013-02-28;193723;43920.3
2013-03-01;192954;43152.1
2013-03-04;193594;43792.3
2013-03-05;196539;46737.2
2013-03-06;196411;46609.2
2013-03-07;196923;47121.3
2013-03-08;197436;47633.5
2013-03-11;198076;48273.7
2013-03-12;197820;48017.6
2013-03-13;198332;48529.7
2013-03-14;199228;49426
2013-03-15;199228;49426
2013-03-18;198588;48785.8
2013-03-19;197180;47377.4
2013-03-20;198716;48913.9
2013-03-21;198076;48273.7
2013-03-22;198332;48529.7
2013-03-25;197948;48145.6
2013-03-26;198972;49169.9
2013-03-27;199100;49298
2013-03-28;201740;49938.2
2013-04-02;202775;50972.7
2013-04-03;201223;49420.9
2013-04-04;200835;49032.9
2013-04-05;199542;47739.7
2013-04-08;200188;48386.3
2013-04-09;201611;49808.8
2013-04-10;204327;52524.6
2013-04-11;205879;54076.4
2013-04-12;204197;52395.2
2013-04-15;203421;51619.3
2013-04-16;202128;50326.1
2013-04-17;199671;47869
2013-04-18;199542;47739.7
2013-04-19;200188;48386.3
2013-04-22;200188;48386.3
2013-04-23;203551;51748.6
2013-04-24;203809;52007.3
2013-04-25;205103;53300.5
2013-04-26;203939;52136.6
2013-04-29;205232;53429.8
2013-04-30;207361;53559.1
2013-05-01;207361;53559.1
2013-05-02;208014;54212
2013-05-03;210626;56823.6
2013-05-07;211279;57476.5
2013-05-08;212454;58651.8
2013-05-09;212585;58782.4
2013-05-10;212323;58521.2
2013-05-13;212715;58912.9
2013-05-14;214804;61002.2
2013-05-15;215718;61916.3
2013-05-16;216371;62569.2
2013-05-17;216371;62569.2
2013-05-20;218069;64266.7
2013-05-21;217677;63875
2013-05-22;219114;65311.4
2013-05-23;215066;61263.4
2013-05-24;214282;60479.9
2013-05-28;217808;64005.6
2013-05-29;214254;59827
2013-05-30;215957;61529.5
2013-05-31;217826;61398.5
2013-06-03;213596;57168.9
2013-06-04;215843;59415.9
2013-06-05;212671;56243.7
2013-06-06;211878;55450.6
2013-06-07;215975;59548.1
2013-06-10;216504;60076.8
2013-06-11;215711;59283.7
2013-06-12;213993;57565.4
2013-06-13;212935;56508
2013-06-14;214918;58490.7
2013-06-17;216504;60076.8
2013-06-18;217165;60737.7
2013-06-19;217297;60869.8
2013-06-20;210953;54525.4
2013-06-21;207913;51485.3
2013-06-24;205401;48974
2013-06-25;208574;52146.2
2013-06-26;210292;53864.5
2013-06-27;212671;56243.7
2013-06-28;214142;55715
2013-07-01;216010;57582.9
2013-07-02;215877;57449.5
2013-07-03;214543;56115.2
2013-07-04;216811;58383.4
2013-07-05;215343;56915.8
2013-07-08;218278;59851.1
2013-07-09;219479;61051.9
2013-07-10;219479;61051.9
2013-07-11;222281;63853.7
2013-07-12;222815;64387.4
2013-07-15;223749;65321.4
2013-07-16;222948;64520.8
2013-07-17;223615;65187.9
2013-07-18;225083;66655.6
2013-07-19;224816;66388.7
2013-07-22;225750;67322.7
2013-07-23;225216;66789
2013-07-24;224950;66522.2
2013-07-25;223615;65187.9
2013-07-26;223215;64787.7
2013-07-29;223749;65321.4
2013-07-30;224683;66255.3
2013-07-31;227350;66922.4
2013-08-01;228696;68268.5
2013-08-02;228696;68268.5
2013-08-05;229234;68806.9
2013-08-06;227888;67460.8
2013-08-07;226677;66249.4
2013-08-08;227350;66922.4
2013-08-09;226677;66249.4
2013-08-12;227081;66653.2
2013-08-13;226946;66518.6
2013-08-14;226946;66518.6
2013-08-15;223850;63422.6
2013-08-16;223042;62615
2013-08-19;222504;62076.6
2013-08-20;222235;61807.4
2013-08-21;221427;60999.8
2013-08-22;221966;61538.2
2013-08-23;222908;62480.4
2013-08-27;220754;60326.7
2013-08-28;219555;58576.8
2013-08-29;221040;60061.2
2013-08-30;221151;58172
2013-09-02;223466;60487
2013-09-03;222512;59533.8
2013-09-04;223738;60759.4
2013-09-05;224555;61576.4
2013-09-06;225372;62393.5
2013-09-09;225508;62529.6
2013-09-10;228096;65117
2013-09-11;228504;65525.5
2013-09-12;228776;65797.9
2013-09-13;228913;65934.1
2013-09-16;230955;67976.7
2013-09-17;230955;67976.7
2013-09-18;230955;67976.7
2013-09-19;233951;70972.6
2013-09-20;233134;70155.5
2013-09-23;230411;67432
2013-09-24;231091;68112.9
2013-09-25;230547;67568.2
2013-09-26;230002;67023.5
2013-09-27;229321;66342.6
2013-09-30;230232;65253.2
2013-10-01;232018;67039
2013-10-02;231056;66077.4
2013-10-03;229545;64566.3
2013-10-04;230369;65390.6
2013-10-07;230232;65253.2
2013-10-08;228034;63055.3
2013-10-09;226111;61132.1
2013-10-10;230094;65115.8
2013-10-11;232292;67313.7
2013-10-14;232292;67313.7
2013-10-15;234078;69099.5
2013-10-16;235314;70335.8
2013-10-17;236276;71297.5
2013-10-18;238474;73495.4
2013-10-21;238749;73770.1
2013-10-22;239573;74594.3
2013-10-23;238886;73907.5
2013-10-24;239848;74869.1
2013-10-25;240397;75418.5
2013-10-28;241221;76242.8
2013-10-29;242320;77341.7
2013-10-30;242183;77204.3
2013-10-31;243771;76792.2
2013-11-01;242386;75407.2
2013-11-04;243494;76515.2
2013-11-05;243494;76515.2
2013-11-06;244325;77346.3
2013-11-07;243217;76238.2
2013-11-08;243217;76238.2
2013-11-11;244602;77623.3
2013-11-12;244602;77623.3
2013-11-13;244048;77069.3
2013-11-14;247372;80393.4
2013-11-15;247926;80947.4
2013-11-18;248896;81917
2013-11-19;247649;80670.4
2013-11-20;247788;80808.9
2013-11-21;247788;80808.9
2013-11-22;248757;81778.5
2013-11-25;249727;82748
2013-11-26;249311;82332.5
2013-11-27;249875;82332.5
2013-11-28;250014;82471.3
2013-11-29;252431;82887.8
2013-12-02;251591;82048.2
2013-12-03;249912;80369.1
2013-12-04;250052;80509
2013-12-05;248932;79389.6
2013-12-06;250891;81348.6
2013-12-09;252291;82747.8
2013-12-10;251311;81768.3
2013-12-11;249632;80089.2
2013-12-12;247813;78270.1
2013-12-13;247393;77850.4
2013-12-16;249352;79809.3
2013-12-17;247813;78270.1
2013-12-18;248233;78689.9
2013-12-19;251871;82328.1
2013-12-20;253690;84147.1
2013-12-23;255089;85546.4
2013-12-24;254809;85266.5
2013-12-27;256908;87365.5
2013-12-30;256768;87225.5
2013-12-31;258908;87365.5
2014-01-02;258203;86660.4
2014-01-03;257498;85955.3
2014-01-06;256652;85109.2
2014-01-07;258344;86801.4
2014-01-08;258203;86660.4
2014-01-09;257639;86096.3
2014-01-10;257921;86378.4
2014-01-13;258767;87224.5
2014-01-14;257639;86096.3
2014-01-15;259613;88070.6
2014-01-16;259049;87506.5
2014-01-17;259331;87788.5
2014-01-20;258767;87224.5
2014-01-21;258062;86519.4
2014-01-22;259049;87506.5
2014-01-23;257075;85532.2
2014-01-24;253127;81583.8
2014-01-27;250870;79327.5
2014-01-28;251575;80032.6
2014-01-29;251011;79468.5
2014-01-30;251857;80314.6
2014-01-31;253293;79750.5
2014-02-03;249456;75912.7
2014-02-04;248461;74917.8
2014-02-05;247750;74207.1
2014-02-06;250877;77334.1
2014-02-07;253009;79466.2
2014-02-10;254573;81029.8
2014-02-11;257273;83730.4
2014-02-12;258126;84583.3
2014-02-13;258837;85294
2014-02-14;260116;86573.2
2014-02-17;261253;87710.3
2014-02-18;261538;87994.6
2014-02-19;261822;88278.9
2014-02-20;260400;86857.5
2014-02-21;261822;88278.9
2014-02-24;263385;89842.5
2014-02-25;263101;89558.2
2014-02-26;262434;88278.9
2014-02-27;262576;88421.4
2014-02-28;266428;90273.5
2014-03-03;263414;87259
2014-03-04;267433;91278.4
2014-03-05;267864;91709
2014-03-06;268869;92713.9
2014-03-07;268007;91852.6
2014-03-10;267864;91709
2014-03-11;267577;91421.9
2014-03-12;266428;90273.5
2014-03-13;265423;89268.7
2014-03-14;263988;87833.2
2014-03-17;265998;89842.9
2014-03-18;267290;91134.8
2014-03-19;267577;91421.9
2014-03-20;267577;91421.9
2014-03-21;268725;92570.3
2014-03-24;264849;88694.5
2014-03-25;266141;89986.4
2014-03-26;267577;91421.9
2014-03-27;264562;88407.4
2014-03-28;266715;90560.6
2014-03-31;269433;91278.4
2014-04-01;271169;93013.9
2014-04-02;272326;94170.8
2014-04-03;272181;94026.2
2014-04-04;271747;93592.4
2014-04-07;267553;89398.3
2014-04-08;266975;88819.8
2014-04-09;267842;89687.5
2014-04-10;267987;89832.2
2014-04-11;264082;85927.3
2014-04-14;264371;86216.6
2014-04-15;264082;85927.3
2014-04-16;267553;89398.3
2014-04-17;268855;90699.9
2014-04-22;271458;93303.1
2014-04-23;270879;92724.6
2014-04-24;271603;93447.7
2014-04-25;269144;90989.1
2014-04-28;269289;91133.8
2014-04-29;271024;92869.2
2014-04-30;273024;92869.2
2014-05-01;273898;93743.4
2014-05-02;273898;93743.4
2014-05-06;272733;92577.8
2014-05-07;272004;91849.4
2014-05-08;274481;94326.1
2014-05-09;272150;91995.1
2014-05-12;275501;95346
2014-05-13;276229;96074.4
2014-05-14;275355;95200.3
2014-05-15;271713;91558
2014-05-16;272441;92286.5
2014-05-19;274044;93889.1
2014-05-20;273752;93597.7
2014-05-21;273714;93014.9
2014-05-22;275612;94912.7
2014-05-23;275758;95058.6
2014-05-27;277802;97102.4
2014-05-28;278240;97540.3
2014-05-29;278532;97832.3
2014-05-30;281262;98562.2
2014-06-02;281997;99297.3
2014-06-03;281556;98856.2
2014-06-04;282438;99738.4
2014-06-05;283761;101062
2014-06-06;285378;102679
2014-06-09;286407;103708
2014-06-10;285672;102973
2014-06-11;284937;102238
2014-06-12;284202;101503
2014-06-13;283467;100768
2014-06-16;283173;100474
2014-06-17;284202;101503
2014-06-18;284643;101944
2014-06-19;286555;103855
2014-06-20;287731;105031
2014-06-23;287290;104590
2014-06-24;288319;105619
2014-06-25;286702;104002
2014-06-26;285819;103120
2014-06-27;286849;104149
2014-06-30;289584;104884
2014-07-01;291508;106809
2014-07-02;291656;106957
2014-07-03;292841;108141
2014-07-04;292841;108141
2014-07-07;291804;107105
2014-07-08;289732;105032
2014-07-09;290768;106069
2014-07-10;289880;105180
2014-07-11;290176;105477
2014-07-14;292397;107697
2014-07-15;291360;106661
2014-07-16;292249;107549
2014-07-17;291508;106809
2014-07-18;291212;106513
2014-07-21;291064;106365
2014-07-22;293285;108586
2014-07-23;293581;108882
2014-07-24;294321;109622
2014-07-25;292249;107549
2014-07-28;291952;107253
2014-07-29;291656;106957
2014-07-30;290768;106069
2014-07-31;289215;102516
2014-08-01;286531;99832.1
2014-08-04;286830;100130
2014-08-05;287575;100876
2014-08-06;286084;99384.9
2014-08-07;285637;98937.6
2014-08-08;285637;98937.6
2014-08-11;289513;102814
2014-08-12;287724;101025
2014-08-13;289960;103261
2014-08-14;290706;104006
2014-08-15;290258;103559
2014-08-18;293538;106839
2014-08-19;294731;108032
2014-08-20;295118;107733
2014-08-21;296314;108929
2014-08-22;296164;108779
2014-08-26;298256;110871
2014-08-27;297808;110423
2014-08-28;297061;109676
2014-08-29;299808;110423
2014-09-01;300109;110724
2014-09-02;299958;110573
2014-09-03;300259;110874
2014-09-04;300861;111476
2014-09-05;299206;109821
2014-09-08;300560;111175
2014-09-09;299206;109821
2014-09-10;298003;108618
2014-09-11;298905;109520
2014-09-12;298454;109069
2014-09-15;296950;107565
2014-09-16;298605;109220
2014-09-17;299808;110423
2014-09-18;301613;112228
2014-09-19;301914;112529
2014-09-22;299507;110122
2014-09-23;298605;109220
2014-09-24;298755;109370
2014-09-25;296047;106662
2014-09-26;295596;106211
2014-09-29;296799;107414
2014-09-30;299702;108317
2014-10-01;295916;104531
2014-10-02;292281;100896
2014-10-03;296673;105288
2014-10-06;297128;105743
2014-10-07;295310;103925
2014-10-08;292433;101048
2014-10-09;295310;103925
2014-10-10;290010;98624.8
2014-10-13;286527;95141.6
2014-10-14;285618;94233
2014-10-15;279257;87872.5
2014-10-16;281681;90295.5
2014-10-17;286527;95141.6
2014-10-20;286375;94990.2
2014-10-21;291676;100291
2014-10-22;294402;103017
2014-10-23;295310;103925
2014-10-24;295916;104531
2014-10-27;295765;104380
2014-10-28;298188;106803
2014-10-29;299399;108014
2014-10-30;300459;109074
2014-10-31;306094;112709
2014-11-03;307008;113623
2014-11-04;305027;111642
2014-11-05;307466;114081
2014-11-06;308533;115148
2014-11-07;309600;116215
2014-11-10;310210;116825
2014-11-11;310514;117129
2014-11-12;310210;116825
2014-11-13;310362;116977
2014-11-14;310667;117282
2014-11-17;309905;116520
2014-11-18;312039;118654
2014-11-19;311277;117892
2014-11-20;312801;119416
2014-11-21;314783;121398
2014-11-24;314783;121398
2014-11-25;314935;121550
2014-11-26;315088;121703
2014-11-27;314630;121245
2014-11-28;317632;121398
2014-12-01;314710;118475
2014-12-02;315940;119706
2014-12-03;317171;120936
2014-12-04;316094;119860
2014-12-05;318094;121859
2014-12-08;317632;121398
2014-12-09;313171;116937
2014-12-10;313018;116783
2014-12-11;314556;118321
2014-12-12;308557;112323
2014-12-15;305019;108785
2014-12-16;308711;112476
2014-12-17;304711;108477
2014-12-18;312402;116168
2014-12-19;317017;120782
2014-12-22;317786;121552
2014-12-23;319478;123244
2014-12-24;319632;123397
2014-12-29;320862;124628
2014-12-30;319632;123397
2014-12-31;321632;123397
2015-01-02;316834;118599
2015-01-05;312655;114420
2015-01-06;310023;111789
2015-01-07;311416;113182
2015-01-08;317607;119373
2015-01-09;314976;116742
2015-01-12;313738;115504
2015-01-13;316214;117980
2015-01-14;308630;110396
2015-01-15;308630;110396
2015-01-16;308785;110551
2015-01-19;311416;113182
2015-01-20;310488;112253
2015-01-21;313893;115658
2015-01-22;315905;117670
2015-01-23;318072;119837
2015-01-26;316524;118290
2015-01-27;312964;114730
2015-01-28;313119;114884
2015-01-29;307856;109622
2015-01-30;311404;111170
2015-02-02;311248;111014
2015-02-03;315766;115532
2015-02-04;318726;118491
2015-02-05;319816;119582
2015-02-06;321686;121451
2015-02-09;319349;119115
2015-02-10;319505;119270
2015-02-11;321530;121295
2015-02-12;323711;123476
2015-02-13;325580;125346
2015-02-16;325892;125657
2015-02-17;325736;125502
2015-02-18;326203;125969
2015-02-19;326671;126436
2015-02-20;325892;125657
2015-02-23;327917;127682
2015-02-24;329163;128929
2015-02-25;329007;128773
2015-02-26;328399;127371
2015-02-27;330087;127059
2015-03-02;330558;127530
2015-03-03;329144;126116
2015-03-04;327887;124859
2015-03-05;328516;125487
2015-03-06;325688;122659
2015-03-09;324745;121717
2015-03-10;320817;117789
2015-03-11;320032;117004
2015-03-12;322231;119203
2015-03-13;320189;117161
2015-03-16;324431;121403
2015-03-17;323802;120774
2015-03-18;323488;120460
2015-03-19;326945;123916
2015-03-20;330087;127059
2015-03-23;330558;127530
2015-03-24;329144;126116
2015-03-25;324274;121246
2015-03-26;322074;119046
2015-03-27;322074;119046
2015-03-30;325845;122817
2015-03-31;327531;122502
2015-04-01;323895;118867
2015-04-02;325950;120922
2015-04-07;328795;123767
2015-04-08;327847;122819
2015-04-09;327689;122660
2015-04-10;331008;125980
2015-04-13;331799;126770
2015-04-14;329586;124557
2015-04-15;331483;126454
2015-04-16;331641;126612
2015-04-17;328321;123293
2015-04-20;331324;126296
2015-04-21;331008;125980
2015-04-22;331166;126138
2015-04-23;332273;127245
2015-04-24;333854;128825
2015-04-27;334328;129300
2015-04-28;332431;127403
2015-04-29;332115;127087
2015-04-30;333008;125980
2015-05-01;333167;126139
2015-05-05;332531;125503
2015-05-06;330623;123595
2015-05-07;331259;124231
2015-05-08;335553;128525
2015-05-11;335235;128206
2015-05-12;332849;125821
2015-05-13;333167;126139
2015-05-14;335394;128365
2015-05-15;336348;129320
2015-05-18;337461;130433
2015-05-19;338256;131228
2015-05-20;337620;130592
2015-05-21;338574;131546
2015-05-22;337620;130592
2015-05-26;334599;127570
2015-05-27;336189;129161
2015-05-28;336060;128206
2015-05-29;336147;126293
2015-06-01;336307;126454
2015-06-02;336467;126614
2015-06-03;338231;128378
2015-06-04;335826;125973
2015-06-05;334543;124690
2015-06-08;333099;123246
2015-06-09;332458;122605
2015-06-10;336147;126293
2015-06-11;336948;127095
2015-06-12;335184;125331
2015-06-15;332458;122605
2015-06-16;333901;124048
2015-06-17;334864;125010
2015-06-18;338873;129020
2015-06-19;338392;128539
2015-06-22;339996;130142
2015-06-23;338873;129020
2015-06-24;338713;128859
2015-06-25;337590;127737
2015-06-26;336467;126614
2015-06-29;332298;122444
2015-06-30;331411;119558
2015-07-01;334154;122301
2015-07-02;333831;121978
2015-07-03;333508;121655
2015-07-06;332863;121010
2015-07-07;329313;117460
2015-07-08;330927;119074
2015-07-09;332218;120364
2015-07-10;333670;121817
2015-07-13;337381;125528
2015-07-14;338994;127141
2015-07-15;339801;127948
2015-07-16;341092;129239
2015-07-17;341414;129561
2015-07-20;342382;130529
2015-07-21;341092;129239
2015-07-22;339801;127948
2015-07-23;339478;127625
2015-07-24;336735;124882
2015-07-27;333024;121171
2015-07-28;334638;122785
2015-07-29;338349;126496
2015-07-30;338349;126496
2015-07-31;341801;127948
2015-08-03;340503;126649
2015-08-04;339204;125351
2015-08-05;341639;127785
2015-08-06;336932;123079
2015-08-07;334984;121131
2015-08-10;340340;126487
2015-08-11;337257;123403
2015-08-12;333686;119833
2015-08-13;337581;123728
2015-08-14;337257;123403
2015-08-17;339529;125676
2015-08-18;339853;126000
2015-08-19;335796;121943
2015-08-20;333037;119184
2015-08-21;323786;109933
2015-08-24;309828;95975
2015-08-25;314535;100682
2015-08-26;306095;92242.1
2015-08-27;319708;105064
2015-08-28;324636;107992
2015-09-01;315468;98824.6
2015-09-02;313995;97351.2
2015-09-03;320543;103900
2015-09-04;313340;96696.3
2015-09-07;315632;98988.3
2015-09-08;317924;101280
2015-09-09;321362;104718
2015-09-10;317269;100625
2015-09-11;316942;100298
2015-09-14;317924;101280
2015-09-15;320707;104063
2015-09-16;324309;107665
2015-09-17;325618;108975
2015-09-18;321526;104882
2015-09-21;321689;105046
2015-09-22;315468;98824.6
2015-09-23;316123;99479.4
2015-09-24;312031;95386.6
2015-09-25;317597;100953
2015-09-28;309739;93094.7
2015-09-29;307610;90966.5
2015-09-30;314194;95550.4
2015-10-01;314029;95385.6
2015-10-02;314689;96044.6
2015-10-05;324244;105601
2015-10-06;325563;106919
2015-10-07;325563;106919
2015-10-08;327540;108896
2015-10-09;331164;112520
2015-10-12;331000;112356
2015-10-13;331494;112850
2015-10-14;328363;109720
2015-10-15;329352;110708
2015-10-16;333141;114498
2015-10-19;333965;115321
2015-10-20;333965;115321
2015-10-21;334459;115816
2015-10-22;335778;117134
2015-10-23;339567;120923
2015-10-26;340226;121582
2015-10-27;338743;120099
2015-10-28;341874;123230
2015-10-29;343192;124548
2015-10-30;345356;124713
2015-11-02;345688;125044
2015-11-03;347677;127033
2015-11-04;347179;126536
2015-11-05;346516;125873
2015-11-06;345688;125044
2015-11-09;342871;122227
2015-11-10;343202;122558
2015-11-11;344031;123387
2015-11-12;340716;120072
2015-11-13;336242;115598
2015-11-16;335579;114935
2015-11-17;341711;121067
2015-11-18;341545;120901
2015-11-19;344694;124050
2015-11-20;346351;125707
2015-11-23;346516;125873
2015-11-24;344196;123553
2015-11-25;346019;125375
2015-11-26;347511;126867
2015-11-27;346351;125707
2015-11-30;347025;124381
2015-12-01;348358;125715
2015-12-02;349192;126548
2015-12-03;345692;123048
2015-12-04;345358;122714
2015-12-07;344692;122048
2015-12-08;343858;121214
2015-12-09;344191;121548
2015-12-10;342032;118214
2015-12-11;336345;112527
2015-12-14;331997;108179
2015-12-15;340192;116374
2015-12-16;340526;116709
2015-12-17;341028;117211
2015-12-18;336512;112695
2015-12-21;333836;110019
2015-12-22;336847;113029
2015-12-23;342366;118549
2015-12-24;343202;119385
2015-12-29;345711;121894
2015-12-30;344875;121057
2015-12-31;344868;119050
2016-01-04;334270;108452
2016-01-05;337298;111480
2016-01-06;335111;109293
2016-01-07;329727;103910
2016-01-08;323671;97853.5
2016-01-11;320811;94993.7
2016-01-12;322494;96676
2016-01-13;324849;99031.1
2016-01-14;318793;92974.9
2016-01-15;314587;88769.2
2016-01-18;314755;88937.4
2016-01-19;316774;90956.2
2016-01-20;307689;81871.9
2016-01-21;313746;87928.1
2016-01-22;317447;91629.1
2016-01-25;317279;91460.9
2016-01-26;317615;91797.3
2016-01-27;318288;92470.2
2016-01-28;315764;89946.8
2016-01-29;322980;95161.9
2016-02-01;326026;98208.9
2016-02-02;323149;95331.2
2016-02-03;318409;90591.4
2016-02-04;322133;94315.5
2016-02-05;317901;90083.6
2016-02-08;310453;82635.4
2016-02-09;312823;85005.3
2016-02-10;314516;86698.1
2016-02-11;305883;78065
2016-02-12;313669;85851.7
2016-02-15;318409;90591.4
2016-02-16;317732;89914.3
2016-02-17;324842;97023.9
2016-02-18;323995;96177.5
2016-02-19;323657;95839
2016-02-22;328058;100240
2016-02-23;324842;97023.9
2016-02-24;320440;92622.8
2016-02-25;326196;98378.2
2016-02-26;329920;102102
2016-02-29;331751;101933
2016-03-01;333283;103466
2016-03-02;336178;106361
2016-03-03;336349;106531
2016-03-04;340436;110618
2016-03-07;339925;110107
2016-03-08;337541;107723
2016-03-09;338392;108575
2016-03-10;335574;104828
2016-03-11;342576;111830
2016-03-14;343259;112513
2016-03-15;341552;110805
2016-03-16;342576;111830
2016-03-17;346504;115758
2016-03-18;348041;117295
2016-03-21;347870;117124
2016-03-22;348553;117807
2016-03-23;347187;116441
2016-03-24;343942;113196
2016-03-29;345650;114904
2016-03-30;350773;120027
2016-03-31;352773;120027
2016-04-01;352773;120027
2016-04-04;353632;120886
2016-04-05;350369;117623
2016-04-06;351743;118997
2016-04-07;350197;117451
2016-04-08;350541;117794
2016-04-11;350369;117623
2016-04-12;351915;119168
2016-04-13;355350;122603
2016-04-14;356552;123806
2016-04-15;356037;123290
2016-04-18;357239;124493
2016-04-19;359300;126554
2016-04-20;359987;127241
2016-04-21;359128;126382
2016-04-22;356724;123977
2016-04-25;355865;123119
2016-04-26;357239;124493
2016-04-27;357411;124664
2016-04-28;358956;126210
2016-04-29;353743;118997
2016-05-03;353570;118824
2016-05-04;352707;117960
2016-05-05;353570;118824
2016-05-06;352016;117269
2016-05-09;353570;118824
2016-05-10;357370;122624
2016-05-11;357370;122624
2016-05-12;354261;119515
2016-05-13;355470;120724
2016-05-16;354952;120206
2016-05-17;354952;120206
2016-05-18;353397;118651
2016-05-19;349252;114506
2016-05-20;354434;119688
2016-05-23;353225;118478
2016-05-24;357025;122278
2016-05-25;360134;125388
2016-05-26;359961;125215
2016-05-27;361343;126597
2016-05-31;362997;126251
2016-06-01;362650;125904
2016-06-02;363171;126425
2016-06-03;362303;125556
2016-06-06;365429;128683
2016-06-07;366992;130246
2016-06-08;366645;129899
2016-06-09;365603;128856
2016-06-10;364213;127467
2016-06-13;362997;126251
2016-06-14;358134;121388
2016-06-15;360392;123646
2016-06-16;357218;119478
2016-06-17;357567;119826
2016-06-20;363140;125399
2016-06-21;361747;124006
2016-06-22;362617;124877
2016-06-23;365056;127315
2016-06-24;356173;118433
2016-06-27;346594;108853
2016-06-28;349555;111814
2016-06-29;357567;119826
2016-06-30;363224;123483
2016-07-01;366727;126986
2016-07-04;366902;127161
2016-07-05;363750;124009
2016-07-06;363750;124009
2016-07-07;366026;126285
2016-07-08;370405;130664
2016-07-11;373207;133466
2016-07-12;375133;135392
2016-07-13;374433;134692
2016-07-14;377235;137494
2016-07-15;376709;136969
2016-07-18;377585;137844
2016-07-19;377060;137319
2016-07-20;379161;139420
2016-07-21;378461;138720
2016-07-22;378110;138370
2016-07-25;377410;137669
2016-07-26;377235;137494
2016-07-27;377585;137844
2016-07-28;376884;137144
2016-07-29;381161;139420
2016-08-01;381337;139596
2016-08-02;377640;135899
2016-08-03;378344;136604
2016-08-04;379577;137836
2016-08-05;382570;140829
2016-08-08;382570;140829
2016-08-09;383450;141709
2016-08-10;381337;139596
2016-08-11;383626;141885
2016-08-12;383450;141709
2016-08-15;384858;143118
2016-08-16;382922;141181
2016-08-17;380633;138892
2016-08-18;383626;141885
2016-08-19;382922;141181
2016-08-22;382218;140477
2016-08-23;384506;142765
2016-08-24;382922;141181
2016-08-25;382218;140477
2016-08-26;383626;141885
2016-08-30;381865;140125
2016-08-31;382457;138716
2016-09-01;381572;137831
2016-09-02;384581;140840
2016-09-05;384581;140840
2016-09-06;384758;141017
2016-09-07;385112;141371
2016-09-08;385289;141548
2016-09-09;380687;136946
2016-09-12;377501;133761
2016-09-13;375201;131460
2016-09-14;376440;132699
2016-09-15;378131;133407
2016-09-16;376712;131987
2016-09-19;379373;134649
2016-09-20;378486;133762
2016-09-21;378664;133939
2016-09-22;383809;139085
2016-09-23;383277;138553
2016-09-26;379373;134649
2016-09-27;380261;135536
2016-09-28;379906;135181
2016-09-29;382390;137665
2016-09-30;384745;138020
2016-10-03;383318;136593
2016-10-04;382961;136237
2016-10-05;383496;136772
2016-10-06;382426;135701
2016-10-07;381891;135166
2016-10-10;384745;138020
2016-10-11;380107;133383
2016-10-12;379929;133204
2016-10-13;377432;130707
2016-10-14;379572;132848
2016-10-17;378145;131421
2016-10-18;379929;133204
2016-10-19;380821;134096
2016-10-20;379394;132669
2016-10-21;379394;132669
2016-10-24;381891;135166
2016-10-25;380821;134096
2016-10-26;380642;133918
2016-10-27;379394;132669
2016-10-28;379750;133026
2016-10-31;380502;131777
2016-11-01;376915;128191
2016-11-02;375481;126757
2016-11-03;373867;125143
2016-11-04;374405;125681
2016-11-07;379605;130881
2016-11-08;382116;133391
2016-11-09;384088;135364
2016-11-10;386060;137336
2016-11-11;384985;136260
2016-11-14;386060;137336
2016-11-15;388033;139308
2016-11-16;389109;140384
2016-11-17;390364;141640
2016-11-18;390185;141460
2016-11-21;391978;143253
2016-11-22;392336;143612
2016-11-23;392874;144150
2016-11-24;394667;145943
2016-11-25;395205;146481
2016-11-28;394488;145764
2016-11-29;394847;146122
2016-11-30;396847;146122
2016-12-01;395045;144320
2016-12-02;394864;144140
2016-12-05;396667;145942
2016-12-06;396667;145942
2016-12-07;398289;147564
2016-12-08;403155;152430
2016-12-09;405137;154412
2016-12-12;406218;155494
2016-12-13;408201;157476
2016-12-14;407660;156936
2016-12-15;407592;155854
2016-12-16;406146;154409
2016-12-19;406688;154951
2016-12-20;408134;156396
2016-12-21;407592;155854
2016-12-22;405966;154228
2016-12-23;406146;154409
2016-12-28;406688;154951
2016-12-29;404340;152602
2016-12-30;407243;153506
2017-01-03;406698;152961
2017-01-04;409603;155866
2017-01-05;408877;155140
2017-01-06;411056;157318
2017-01-09;411056;157318
2017-01-10;411056;157318
2017-01-11;409240;155503
2017-01-12;408151;154413
2017-01-13;411601;157863
2017-01-16;410511;156774
2017-01-17;409966;156229
2017-01-18;410148;156411
2017-01-19;409966;156229
2017-01-20;410874;157137
2017-01-23;408877;155140
2017-01-24;410693;156955
2017-01-25;414869;161131
2017-01-26;415232;161494
2017-01-27;414505;160768
2017-01-30;410511;156774
2017-01-31;411785;156047
2017-02-01;413244;157507
2017-02-02;414339;158602
2017-02-03;417076;161338
2017-02-06;416893;161156
2017-02-07;416711;160974
2017-02-08;416711;160974
2017-02-09;419630;163893
2017-02-10;420360;164622
2017-02-13;422914;167177
2017-02-14;423097;167359
2017-02-15;426016;170278
2017-02-16;426198;170461
2017-02-17;425651;169913
2017-02-20;428388;172650
2017-02-21;429300;173562
2017-02-22;429665;173927
2017-02-23;429300;173562
2017-02-24;429300;173562
2017-02-27;430577;174840
2017-02-28;432577;174840
2017-03-01;437343;179605
2017-03-02;435876;178139
2017-03-03;434593;176856
2017-03-06;433310;175573
2017-03-07;433127;175389
2017-03-08;433127;175389
2017-03-09;432944;175206
2017-03-10;433493;175756
2017-03-13;433493;175756
2017-03-14;432210;174473
2017-03-15;434410;176673
2017-03-16;435385;176673
2017-03-17;435201;176489
2017-03-20;434283;175570
2017-03-21;430609;171896
2017-03-22;428955;170243
2017-03-23;430976;172264
2017-03-24;429690;170978
2017-03-27;427486;168773
2017-03-28;429690;170978
2017-03-29;431344;172631
2017-03-30;432997;174284
2017-03-31;434813;174101
2017-04-03;431676;170963
2017-04-04;432968;172255
2017-04-05;435736;175023
2017-04-06;433521;172809
2017-04-07;432968;172255
2017-04-10;432968;172255
2017-04-11;429830;169118
2017-04-12;431122;170409
2017-04-13;431122;170409
2017-04-18;430015;169302
2017-04-19;431860;171148
2017-04-20;431676;170963
2017-04-21;432229;171517
2017-04-24;435551;174839
2017-04-25;438689;177976
2017-04-26;440534;179822
2017-04-27;438320;177607
2017-04-28;439951;177238
2017-05-02;440878;178165
2017-05-03;440136;177423
2017-05-04;441063;178350
2017-05-05;441434;178721
2017-05-08;442361;179648
2017-05-09;443288;180575
2017-05-10;442917;180204
2017-05-11;441063;178350
2017-05-12;441805;179092
2017-05-15;444215;181502
2017-05-16;443473;180761
2017-05-17;438653;175940
2017-05-18;437170;174457
2017-05-19;440507;177794
2017-05-22;441990;179277
2017-05-23;443473;180761
2017-05-24;443844;181131
2017-05-25;446810;184098
2017-05-26;446625;183912
2017-05-30;446069;183356
2017-05-31;446956;182244
2017-06-01;449377;184665
2017-06-02;452357;187645
2017-06-05;452543;187831
2017-06-06;452171;187458
2017-06-07;451798;187086
2017-06-08;452357;187645
2017-06-09;454219;189507
2017-06-12;451053;186341
2017-06-13;452730;188017
2017-06-14;453288;188576
2017-06-15;451159;185224
2017-06-16;451159;185224
2017-06-19;454894;188958
2017-06-20;453960;188025
2017-06-21;452279;186344
2017-06-22;453213;187278
2017-06-23;453026;187091
2017-06-26;453026;187091
2017-06-27;453026;187091
2017-06-28;453026;187091
2017-06-29;450412;184477
2017-06-30;452225;184290
2017-07-03;455039;187103
2017-07-04;453913;185978
2017-07-05;453726;185790
2017-07-06;452038;184102
2017-07-07;452225;184290
2017-07-10;453538;185603
2017-07-11;451287;183352
2017-07-12;456164;188229
2017-07-13;457102;189167
2017-07-14;457852;189917
2017-07-17;459540;191605
2017-07-18;458978;191042
2017-07-19;460853;192918
2017-07-20;461791;193856
2017-07-21;461228;193293
2017-07-24;461041;193105
2017-07-25;463104;195169
2017-07-26;463104;195169
2017-07-27;463667;195731
2017-07-28;461416;193481
2017-07-31;463791;193856
2017-08-01;464168;194233
2017-08-02;463791;193856
2017-08-03;463980;194044
2017-08-04;464545;194609
2017-08-07;464921;194986
2017-08-08;466428;196493
2017-08-09;463414;193479
2017-08-10;460777;190842
2017-08-11;458705;188770
2017-08-14;463226;193291
2017-08-15;463226;193291
2017-08-16;464356;194421
2017-08-17;461342;191407
2017-08-18;456821;186886
2017-08-21;455879;185944
2017-08-22;459835;189900
2017-08-23;460024;190088
2017-08-24;457951;188016
2017-08-25;459270;189335
2017-08-29;458705;188770
2017-08-30;460965;191030
2017-08-31;465603;193667
2017-09-01;467495;195559
2017-09-04;466170;194235
2017-09-05;465224;193289
2017-09-06;464846;192911
2017-09-07;465224;193289
2017-09-08;465603;193667
2017-09-11;469008;197073
2017-09-12;471089;199154
2017-09-13;471468;199532
2017-09-14;471248;197830
2017-09-15;471438;198019
2017-09-18;473336;199917
2017-09-19;472956;199538
2017-09-20;473336;199917
2017-09-21;472767;199348
2017-09-22;471628;198209
2017-09-25;470869;197450
2017-09-26;471248;197830
2017-09-27;471818;198399
2017-09-28;473336;199917
2017-09-29;476854;201436
2017-10-02;478570;203151
2017-10-03;479904;204485
2017-10-04;481238;205819
2017-10-05;482763;207344
2017-10-06;483144;207725
2017-10-09;483334;207916
2017-10-10;483334;207916
2017-10-11;483906;208487
2017-10-12;484287;208869
2017-10-13;484668;209250
2017-10-16;485050;209631
2017-10-17;484859;209440
2017-10-18;485812;210393
2017-10-19;485050;209631
2017-10-20;487527;212109
2017-10-23;488671;213252
2017-10-24;487527;212109
2017-10-25;484287;208869
2017-10-26;486574;211156
2017-10-27;489052;213633
2017-10-30;487908;212490
2017-10-31;490671;213252
2017-11-01;491819;214400
2017-11-02;491054;213635
2017-11-03;492585;215166
2017-11-06;493733;216314
2017-11-07;493733;216314
2017-11-08;493159;215740
2017-11-09;492010;214592
2017-11-10;491436;214018
2017-11-13;492585;215166
2017-11-14;491628;214209
2017-11-15;490479;213061
2017-11-16;492776;215357
2017-11-17;492585;215166
2017-11-20;492967;215549
2017-11-21;496029;218611
2017-11-22;495455;218036
2017-11-23;495838;218419
2017-11-24;496603;219185
2017-11-27;496412;218993
2017-11-28;498326;220907
2017-11-29;501388;223969
2017-11-30;506641;227222
2017-12-01;501453;222035
2017-12-04;508946;229528
2017-12-05;507601;228183
2017-12-06;504335;224917
2017-12-07;505488;226069
2017-12-08;507217;227799
2017-12-11;509331;229912
2017-12-12;511444;232025
2017-12-13;512261;232842
2017-12-14;510356;229528
2017-12-15;512668;231840
2017-12-18;515750;234922
2017-12-19;514980;234151
2017-12-20;514016;233188
2017-12-21;515558;234729
2017-12-22;514787;233959
2017-12-27;514594;233766
2017-12-28;514402;233574
2017-12-29;519292;236463
2018-01-02;517744;234916
2018-01-03;521226;238397
2018-01-04;524513;241685
2018-01-05;526447;243619
2018-01-08;528188;245360
2018-01-09;530702;247874
2018-01-10;528575;245747
2018-01-11;530896;248068
2018-01-12;535538;252709
2018-01-15;538245;255417
2018-01-16;538439;255610
2018-01-17;537472;254643
2018-01-18;538825;255997
2018-01-19;539792;256964
2018-01-22;542500;259672
2018-01-23;546755;263927
2018-01-24;546175;263347
2018-01-25;547335;264507
2018-01-26;550043;267215
2018-01-29;550816;267988
2018-01-30;544821;261993
2018-01-31;546821;261993
2018-02-01;546433;261605
2018-02-02;540027;255199
2018-02-05;532068;247240
2018-02-06;505280;220452
2018-02-07;525080;240252
2018-02-08;512074;227246
2018-02-09;500622;215794
2018-02-12;510716;225887
2018-02-13;512269;227440
2018-02-14;517898;233070
2018-02-15;523721;238893
2018-02-16;530709;245881
2018-02-19;527992;243164
2018-02-20;529351;244523
2018-02-21;529933;245105
2018-02-22;527992;243164
2018-02-23;527215;242387
2018-02-26;535368;250540
2018-02-27;537115;252287
2018-02-28;534262;247434
2018-03-01;526858;240030
2018-03-02;518090;231262
2018-03-05;526274;239446
2018-03-06;527832;241004
2018-03-07;528222;241394
2018-03-08;531145;244317
2018-03-09;538744;251916
2018-03-12;542056;255228
2018-03-13;540497;253669
2018-03-14;535431;248603
2018-03-15;535227;247045
2018-03-16;535813;247631
2018-03-19;527023;238840
2018-03-20;528390;240208
2018-03-21;530539;242356
2018-03-22;521358;233176
2018-03-23;511982;223799
2018-03-26;507684;219502
2018-03-27;518037;229855
2018-03-28;506512;218330
2018-03-29;513200;223018
2018-04-03;506729;216547
2018-04-04;508494;218311
2018-04-05;521241;231058
2018-04-06;513593;223410
2018-04-09;516142;225959
2018-04-10;519672;229489
2018-04-11;517319;227136
2018-04-12;521045;230862
2018-04-13;519868;229685
2018-04-16;522417;232235
2018-04-17;528692;238510
2018-04-18;530654;240471
2018-04-19;526143;235961
2018-04-20;521633;231450
2018-04-23;523594;233411
2018-04-24;521437;231254
2018-04-25;514573;224391
2018-04-26;518887;228705
2018-04-27;521633;231450
2018-04-30;524809;232627
2018-05-01;516542;224359
2018-05-02;519691;227509
2018-05-03;509849;217666
2018-05-04;520872;228690
2018-05-08;523628;231446
2018-05-09;525597;233414
2018-05-10;533077;240895
2018-05-11;535243;243060
2018-05-14;537211;245029
2018-05-15;532093;239911
2018-05-16;532880;240698
2018-05-17;535439;243257
2018-05-18;533274;241092
2018-05-21;536030;243848
2018-05-22;537605;245422
2018-05-23;533471;241288
2018-05-24;533865;241682
2018-05-25;535243;243060
2018-05-29;529928;237745
2018-05-30;533471;241288
2018-05-31;535274;241092
2018-06-01;538633;244451
2018-06-04;541399;247217
2018-06-05;541202;247019
2018-06-06;544363;250181
2018-06-07;546932;252749
2018-06-08;546142;251959
2018-06-11;549303;255121
2018-06-12;549698;255516
2018-06-13;550884;256701
2018-06-14;548506;252749
2018-06-15;545732;249975
2018-06-18;546326;250570
2018-06-19;543354;247597
2018-06-20;545930;250173
2018-06-21;543552;247796
2018-06-22;544345;248588
2018-06-25;534833;239076
2018-06-26;536815;241058
2018-06-27;538598;242842
2018-06-28;534238;238482
2018-06-29;542183;244427
2018-07-02;536614;238858
2018-07-03;540393;242637
2018-07-04;538404;240648
2018-07-05;539399;241642
2018-07-06;545962;248206
2018-07-09;550338;252581
2018-07-10;552725;254968
2018-07-11;550139;252383
2018-07-12;552725;254968
2018-07-13;555111;257355
2018-07-16;553918;256161
2018-07-17;555509;257753
2018-07-18;557299;259543
2018-07-19;556106;258349
2018-07-20;556305;258548
2018-07-23;555310;257554
2018-07-24;558890;261134
2018-07-25;559288;261532
2018-07-26;562669;264913
2018-07-27;561078;263322
2018-07-30;556504;258747
2018-07-31;560095;260338
2018-08-01;559895;260139
2018-08-02;559496;259739
2018-08-03;563288;263532
2018-08-06;565684;265927
2018-08-07;568877;269121
2018-08-08;568877;269121
2018-08-09;569077;269321
2018-08-10;565484;265728
2018-08-13;563488;263732
2018-08-14;564885;265129
2018-08-15;559696;259939
2018-08-16;566482;266726
2018-08-17;566083;266326
2018-08-20;568279;268522
2018-08-21;570873;271117
2018-08-22;570474;270718
2018-08-23;569077;269321
2018-08-24;571871;272115
2018-08-28;577061;277305
2018-08-29;580255;280498
2018-08-30;578858;279101
2018-08-31;579261;277504
2018-09-03;581264;279507
2018-09-04;578460;276703
2018-09-05;575856;274099
2018-09-06;574654;272898
2018-09-07;576256;274500
2018-09-10;576657;274901
2018-09-11;576457;274700
2018-09-12;578660;276903
2018-09-13;578982;275702
2018-09-14;581191;277911
2018-09-17;578982;275702
2018-09-18;580991;277710
2018-09-19;581593;278312
2018-09-20;585007;281726
2018-09-21;587015;283735
2018-09-24;583601;280321
2018-09-25;584003;280722
2018-09-26;584405;281124
2018-09-27;583802;280522
2018-09-28;585200;279919
2018-10-01;588424;283143
2018-10-02;587013;281733
2018-10-03;588424;283143
2018-10-04;582378;277098
2018-10-05;579356;274075
2018-10-08;577139;271858
2018-10-09;579356;274075
2018-10-10;570287;265007
2018-10-11;553360;248080
2018-10-12;554368;249087
2018-10-15;556181;250901
2018-10-16;560413;255133
2018-10-17;561421;256140
2018-10-18;559607;254327
2018-10-19;558600;253319
2018-10-22;554972;249692
2018-10-23;543889;238608
2018-10-24;543284;238004
2018-10-25;542277;236996
2018-10-26;534619;229339
2018-10-29;536836;231555
2018-10-30;534619;229339
2018-10-31;547300;240019
2018-11-01;550333;243053
2018-11-02;546491;239210
2018-11-05;549524;242244
2018-11-06;552963;245682
2018-11-07;562469;255188
2018-11-08;566514;259233
2018-11-09;561255;253975
2018-11-12;551547;244266
2018-11-13;554176;246896
2018-11-14;547300;240019
2018-11-15;545884;238603
2018-11-16;549929;242648
2018-11-19;546086;238806
2018-11-20;534558;227277
2018-11-21;538198;230918
2018-11-22;531119;223839
2018-11-23;533546;226266
2018-11-26;537389;230109
2018-11-27;539614;232333
2018-11-28;543457;236176
2018-11-29;551749;244469
2018-11-30;554760;245480
2018-12-03;563489;254208
2018-12-04;561053;251772
2018-12-05;549280;239999
2018-12-06;533650;224369
2018-12-07;538522;229241
2018-12-10;525328;216047
2018-12-11;537710;228429
2018-12-12;542581;233301
2018-12-13;537486;226602
2018-12-14;530156;219273
2018-12-17;525066;214183
2018-12-18;518551;207668
2018-12-19;519366;208482
2018-12-20;502875;191991
2018-12-21;501450;190566
2018-12-24;486995;176111
2018-12-27;493713;182830
2018-12-28;504504;193620
2018-12-31;510372;197488
2019-01-02;509350;196466
2019-01-03;501378;188495
2019-01-04;511394;198510
2019-01-07;518548;205664
2019-01-08;519978;207095
2019-01-09;526315;213431
2019-01-10;525701;212818
2019-01-11;526928;214044
2019-01-14;525906;213022
2019-01-15;529176;216293
2019-01-16;533468;220585
2019-01-17;533673;220789
2019-01-18;543279;230396
2019-01-21;541848;228965
2019-01-22;538783;225899
2019-01-23;535717;222833
2019-01-24;536943;224060
2019-01-25;542870;229987
2019-01-28;536739;223855
2019-01-29;536943;224060
2019-01-30;541644;228761
2019-01-31;551718;236834
2019-02-01;553974;239091
2019-02-04;554179;239296
2019-02-05;558462;243578
2019-02-06;558385;243501
2019-02-07;551487;236604
2019-02-08;548897;234014
2019-02-11;553923;239040
2019-02-12;560590;245706
2019-02-13;562333;247450
2019-02-14;560231;245347
2019-02-15;566334;251450
2019-02-18;568180;253297
2019-02-19;567923;253040
2019-02-20;569616;254733
2019-02-21;567923;253040
2019-02-22;571513;256630
2019-02-25;575411;260528
2019-02-26;573206;258322
2019-02-27;570308;255425
2019-02-28;573360;256476
2019-03-01;573823;256939
2019-03-04;573874;256991
2019-03-05;573926;257042
2019-03-06;571147;254263
2019-03-07;566360;249477
2019-03-08;561780;244897
2019-03-11;570400;253517
2019-03-12;574646;257763
2019-03-13;578712;261828
2019-03-14;577513;258946
2019-03-15;580816;262250
2019-03-18;580248;261682
2019-03-19;585255;266689
2019-03-20;579448;260882
2019-03-21;584274;265708
2019-03-22;576894;258327
2019-03-25;574726;256159
2019-03-26;578494;259927
2019-03-27;574932;256366
2019-03-28;576300;257734
2019-03-29;583178;262611
2019-04-01;589185;268619
2019-04-02;590636;270069
2019-04-03;594727;274161
2019-04-04;592655;272089
2019-04-05;596177;275611
2019-04-08;596125;275559
2019-04-09;594416;273850
2019-04-10;595400;274834
2019-04-11;596643;276077
2019-04-12;598793;278226
2019-04-15;598612;278045
2019-04-16;600424;279858
2019-04-17;599078;278511
2019-04-18;598042;277475
2019-04-23;604619;284053
2019-04-24;605759;285192
2019-04-25;604464;283898
2019-04-26;604930;284364
2019-04-29;607623;287057
2019-04-30;607293;284726
2019-05-01;611086;288520
2019-05-02;602668;280102
2019-05-03;608332;285766
2019-05-07;598719;276152
2019-05-08;597991;275425
2019-05-09;588170;265604
2019-05-10;586248;263681
2019-05-13;583390;260823
2019-05-14;589158;266591
2019-05-15;590976;268410
2019-05-16;599083;276516
2019-05-17;597004;274438
2019-05-20;590664;268098
2019-05-21;593730;271164
2019-05-22;593003;270436
2019-05-23;585052;262486
2019-05-24;586352;263785
2019-05-28;585936;263369
2019-05-29;576063;253496
2019-05-30;577830;255263
2019-05-31;576192;251626
2019-06-03;573950;249384
2019-06-04;580624;256058
2019-06-05;586465;261898
2019-06-06;590897;266330
2019-06-07;599162;274595
2019-06-10;604506;279940
2019-06-11;602421;277854
2019-06-12;599970;275403
2019-06-13;600957;274673
2019-06-14;601114;274830
2019-06-17;602447;276164
2019-06-18;608539;282256
2019-06-19;607389;281106
2019-06-20;612697;286413
2019-06-21;616174;289891
2019-06-24;614815;288531
2019-06-25;610788;284505
2019-06-26;608827;282544
2019-06-27;607912;281629
2019-06-28;613102;284818
2019-07-01;618925;290642
2019-07-02;619476;291193
2019-07-03;624644;296361
2019-07-04;626952;298669
2019-07-05;622336;294052
2019-07-08;621601;293318
2019-07-09;621522;293239
2019-07-10;624513;296229
2019-07-11;627267;298984
2019-07-12;628526;300243
2019-07-15;629366;301082
2019-07-16;629576;301292
2019-07-17;626061;297777
2019-07-18;622283;294000
2019-07-19;626743;298459
2019-07-22;622886;294603
2019-07-23;625169;296885
2019-07-24;628317;300033
2019-07-25;629051;300768
2019-07-26;631727;303443
2019-07-29;631805;303522
2019-07-30;629969;301686
2019-07-31;632258;301974
2019-08-01;631995;301711
2019-08-02;612784;282501
2019-08-05;602311;272027
2019-08-06;598205;267922
2019-08-07;599600;269317
2019-08-08;612626;282343
2019-08-09;609179;278896
2019-08-12;607626;277343
2019-08-13;613047;282764
2019-08-14;601232;270948
2019-08-15;597653;267369
2019-08-16;606416;276132
2019-08-19;614784;284501
2019-08-20;612995;282711
2019-08-21;614995;284711
2019-08-22;612995;282711
2019-08-23;605547;275264
2019-08-27;604837;274554
2019-08-28;606337;276054
2019-08-29;614021;283738
2019-08-30;616258;283974
2019-09-02;614621;282338
2019-09-03;612192;279909
2019-09-04;618687;286403
2019-09-05;628772;296489
2019-09-06;628983;296700
2019-09-09;629670;297386
2019-09-10;624442;292159
2019-09-11;630462;298178
2019-09-12;634810;300739
2019-09-13;635313;301242
2019-09-16;631765;297695
2019-09-17;632216;298145
2019-09-18;631818;297748
2019-09-19;636743;302672
2019-09-20;634731;300660
2019-09-23;631077;297006
2019-09-24;631157;297086
2019-09-25;627000;292929
2019-09-26;626100;292029
2019-09-27;629594;295524
2019-09-30;630244;294173
2019-10-01;626659;290588
2019-10-02;610351;274280
2019-10-03;612502;276431
2019-10-04;621400;285329
2019-10-07;624560;288489
2019-10-08;614122;278051
2019-10-09;616831;280760
2019-10-10;623684;287613
2019-10-11;633724;297653
2019-10-14;628783;292713
2019-10-15;634308;298237
2019-10-16;633245;297175
2019-10-17;634361;298290
2019-10-18;633405;297334
2019-10-21;635848;299777
2019-10-22;637495;301424
2019-10-23;635370;299299
2019-10-24;637867;301796
2019-10-25;640735;304665
2019-10-28;643737;307666
2019-10-29;644826;308755
2019-10-30;642966;306896
2019-10-31;642948;304877
2019-11-01;649982;311911
2019-11-04;654777;316706
2019-11-05;653818;315747
2019-11-06;653205;315135
2019-11-07;657522;319451
2019-11-08;655417;317346
2019-11-11;655044;316973
2019-11-12;658934;320863
2019-11-13;657015;318945
2019-11-14;657388;319318
2019-11-15;662397;324326
2019-11-18;663836;325765
2019-11-19;663543;325472
2019-11-20;662557;324486
2019-11-21;659653;321582
2019-11-22;659999;321929
2019-11-25;665701;327630
2019-11-26;667699;329628
2019-11-27;669538;331467
2019-11-28;670550;332479
2019-11-29;671431;331360
2019-12-02;664430;324359
2019-12-03;656680;316609
2019-12-04;665285;325214
2019-12-05;663575;323504
2019-12-06;672527;332456
2019-12-09;671484;331414
2019-12-10;670202;330131
2019-12-11;669667;329596
2019-12-12;674063;332162
2019-12-13;674331;332430
2019-12-16;681619;339718
2019-12-17;681298;339397
2019-12-18;681994;340093
2019-12-19;683227;341326
2019-12-20;688372;346470
2019-12-23;688532;346631
2019-12-24;689122;347221
2019-12-27;692498;350597
2019-12-30;687675;345774
2019-12-31;689675;345774
2020-01-02;692900;348999
2020-01-03;693491;349590
2020-01-06;691825;347924
2020-01-07;694028;350127
2020-01-08;695372;351471
2020-01-09;700747;356846
2020-01-10;701902;358001
2020-01-13;702198;358297
2020-01-14;704079;360178
2020-01-15;706121;362220
2020-01-16;708271;364370
2020-01-17;711765;367864
2020-01-20;712060;368159
2020-01-21;712678;368777
2020-01-22;713108;369207
2020-01-23;708029;364128
2020-01-24;710206;366305
2020-01-27;695453;351552
2020-01-28;702278;358377
2020-01-29;703918;360017
2020-01-30;697414;353513
2020-01-31;696297;350396
2020-02-03;699396;353495
2020-02-04;709449;363548
2020-02-05;714300;368399
2020-02-06;719178;373277
2020-02-07;717885;371983
2020-02-10;717804;371903
2020-02-11;724272;378371
2020-02-12;726131;380230
2020-02-13;726536;380635
2020-02-14;726536;380635
2020-02-17;729150;383249
2020-02-18;722870;376969
2020-02-19;729500;383599
2020-02-20;719259;373358
2020-02-21;719798;373897
2020-02-24;698130;352229
2020-02-25;686810;340909
2020-02-26;682768;336867
2020-02-27;657812;311910
2020-02-28;629842;281941
2020-03-02;650498;302597
2020-03-03;659204;311303
2020-03-04;661962;314061
2020-03-05;663260;315358
2020-03-06;637304;289403
2020-03-09;604104;256203
2020-03-10;595722;247821
2020-03-11;599561;251660
2020-03-12;542025;192072
2020-03-13;548647;198694
2020-03-16;542025;192072
2020-03-17;539799;189847
2020-03-18;511629;161676
2020-03-19;518793;168841
2020-03-20;513203;163250
2020-03-23;483730;133777
2020-03-24;524547;174594
2020-03-25;541238;191285
2020-03-26;560968;211015
2020-03-27;550546;200594
2020-03-30;562162;212209
2020-03-31;572466;220514
2020-04-01;543162;191210
2020-04-02;543380;191428
2020-04-03;540412;188459
2020-04-06;565957;214005
2020-04-07;589842;237889
2020-04-08;589134;237181
2020-04-09;605692;253740
2020-04-14;611521;259568
2020-04-15;602043;250090
2020-04-16;606564;254611
2020-04-17;616314;264361
2020-04-20;620535;268583
2020-04-21;593219;241267
2020-04-22;605066;253113
2020-04-23;615960;264007
2020-04-24;607163;255211
2020-04-27;623286;271333
2020-04-28;624702;272749
2020-04-29;636767;284814
2020-04-30;634600;280647
2020-05-01;619191;265239
2020-05-04;613563;259611
2020-05-05;629409;275457
2020-05-06;624655;270703
2020-05-07;629354;275402
2020-05-11;636567;282614
2020-05-12;638343;284390
2020-05-13;619355;265403
2020-05-14;610476;256523
2020-05-15;616514;262561
2020-05-18;643998;290046
2020-05-19;644927;290975
2020-05-20;649517;295564
2020-05-21;642140;288188
2020-05-22;640610;286658
2020-05-26;655473;301520
2020-05-27;651948;297996
2020-05-28;665937;311984
2020-05-29;658784;302832
2020-06-01;666348;310395
2020-06-02;668951;312998
2020-06-03;682406;326454
2020-06-04;681228;325275
2020-06-05;701479;345527
2020-06-08;702192;346239
2020-06-09;702986;347034
2020-06-10;699396;343444
2020-06-11;674710;316890
2020-06-12;662756;304936
2020-06-15;658744;300924
2020-06-16;684135;326315
2020-06-17;682816;324996
2020-06-18;680618;322798
2020-06-19;684520;326700
2020-06-22;677760;319940
2020-06-23;689137;331317
2020-06-24;669296;311476
2020-06-25;667098;309278
2020-06-26;662729;304909
2020-06-29;665532;307711
2020-06-30;674429;314609
2020-07-01;680713;320893
2020-07-02;689753;329933
2020-07-03;685619;325799
2020-07-06;697801;337981
2020-07-07;697415;337595
2020-07-08;689919;330098
2020-07-09;686143;326323
2020-07-10;694108;334288
2020-07-13;709267;349447
2020-07-14;695651;335831
2020-07-15;708192;348372
2020-07-16;703589;343769
2020-07-17;706952;347131
2020-07-20;710204;350384
2020-07-21;718610;358790
2020-07-22;716157;356337
2020-07-23;719106;359286
2020-07-24;707613;347793
2020-07-27;707834;348013
2020-07-28;710865;351045
2020-07-29;712932;353112
2020-07-30;710645;350825
2020-07-31;715456;353636
2020-08-03;725793;363973
2020-08-04;727175;365355
2020-08-05;733200;371380
2020-08-06;732371;370551
2020-08-07;737401;375581
2020-08-10;738120;376300
2020-08-11;744035;382214
2020-08-12;744366;382546
2020-08-13;745665;383845
2020-08-14;744339;382518
2020-08-17;745803;383983
2020-08-18;746688;384868
2020-08-19;749341;387521
2020-08-20;744145;382325
2020-08-21;747185;385365
2020-08-24;753515;391694
2020-08-25;756196;394375
2020-08-26;762414;400594
2020-08-27;770236;408416
2020-08-28;772734;408913
2020-09-01;776336;412516
2020-09-02;784427;420607
2020-09-03;767967;404147
2020-09-04;744330;380510
2020-09-07;759682;395862
2020-09-08;742585;378764
2020-09-09;752616;388796
2020-09-10;752172;388352
2020-09-11;742418;378598
2020-09-14;751784;387964
2020-09-15;755664;391844
2020-09-16;757188;393368
2020-09-17;743992;378376
2020-09-18;737214;371599
2020-09-21;714437;348821
2020-09-22;724659;359043
2020-09-23;728437;362821
2020-09-24;717326;351710
2020-09-25;722715;357099
2020-09-28;740437;374821
2020-09-29;738826;373210
2020-09-30;749464;381849
2020-10-01;750161;382545
2020-10-02;743866;376250
2020-10-05;752500;384884
2020-10-06;754895;387280
2020-10-07;755230;387614
2020-10-08;762388;394772
2020-10-09;769518;401902
2020-10-12;783137;415521
2020-10-13;782691;415076
2020-10-14;778792;411177
2020-10-15;768710;401094
2020-10-16;776898;409283
2020-10-19;770381;402765
2020-10-20;763585;395970
2020-10-21;763279;395663
2020-10-22;762025;394410
2020-10-23;766342;398727
2020-10-26;753141;385525
2020-10-27;754589;386973
2020-10-28;732614;364998
2020-10-29;732670;365054
2020-10-30;727038;357423
2020-11-02;736757;367142
2020-11-03;753068;383452
2020-11-04;770691;401075
2020-11-05;782896;413280
2020-11-06;781332;411716
2020-11-09;804289;434673
2020-11-10;787532;417916
2020-11-11;795547;425932
2020-11-12;792391;422776
2020-11-13;793397;423781
2020-11-16;807249;437634
2020-11-17;804512;434897
2020-11-18;805685;436070
2020-11-19;792838;423222
2020-11-20;797307;427691
2020-11-23;791944;422329
2020-11-24;808422;438807
2020-11-25;808143;438527
2020-11-26;808869;439254
2020-11-27;810936;441320
2020-11-30;804390;432774
2020-12-01;820573;448957
2020-12-02;818389;446773
2020-12-03;821917;450301
2020-12-04;825024;453409
2020-12-07;825724;454109
2020-12-08;826116;454501
2020-12-09;825556;453941
2020-12-10;820730;447277
2020-12-11;814192;440739
2020-12-14;820450;446997
2020-12-15;818766;445313
2020-12-16;826735;453282
2020-12-17;829934;456481
2020-12-18;825950;452497
2020-12-21;817644;444190
2020-12-22;823144;449690
2020-12-23;827689;454236
2020-12-24;826315;452861
2020-12-29;836332;462879
2020-12-30;835547;462093
2020-12-31;836256;460803
2021-01-04;829702;454249
2021-01-05;831474;456021
2021-01-06;844807;469354
2021-01-07;852008;476554
2021-01-08;853639;478186
2021-01-11;853808;478355
2021-01-12;851501;476048
2021-01-13;853302;477848
2021-01-14;855552;480099
2021-01-15;846241;470788
2021-01-18;845482;470029
2021-01-19;848407;472954
2021-01-20;860334;484880
2021-01-21;864159;488706
2021-01-22;860502;485049
2021-01-25;856790;481336
2021-01-26;864131;488678
2021-01-27;850236;474782
2021-01-28;854652;479199
2021-01-29;839915;462462
2021-02-01;844286;466832
2021-02-02;861880;484426
2021-02-03;860921;483468
2021-02-04;866335;488881
2021-02-05;873383;495930
2021-02-08;875752;498299
2021-02-09;878148;500695
2021-02-10;878741;501287
2021-02-11;880320;502866
2021-02-12;881842;504389
2021-02-15;889793;512340
2021-02-16;884662;507208
2021-02-17;878346;500893
2021-02-18;877049;499596
2021-02-19;883872;506419
2021-02-22;874201;496748
2021-02-23;868083;490629
2021-02-24;878346;500893
2021-02-25;874737;497284
2021-02-26;862301;482848
2021-03-01;878523;499069
2021-03-02;874114;494661
2021-03-03;872390;492937
2021-03-04;862753;483300
2021-03-05;842857;463404
2021-03-08;874509;495056
2021-03-09;877816;498363
2021-03-10;880557;501104
2021-03-11;890836;509469
2021-03-12;884917;503550
2021-03-15;888514;507147
2021-03-16;894574;513208
2021-03-17;890156;508790
2021-03-18;893612;512245
2021-03-19;884180;502814
2021-03-22;888910;507543
2021-03-23;887947;506581
2021-03-24;887494;506127
2021-03-25;877581;496215
2021-03-26;887522;506156
2021-03-29;892365;510999
2021-03-30;893102;511735
2021-03-31;899577;516210
2021-04-01;905254;521887
2021-04-06;922966;539599
2021-04-07;921603;538237
2021-04-08;925520;542154
2021-04-09;927621;544254
2021-04-12;931708;548342
2021-04-13;934774;551407
2021-04-14;936931;553565
2021-04-15;940905;557539
2021-04-16;944822;561456
2021-04-19;941700;558333
2021-04-20;933610;550244
2021-04-21;940281;556914
2021-04-22;944198;560831
2021-04-23;944084;560718
2021-04-26;948058;564692
2021-04-27;946383;563017
2021-04-28;947831;564465
2021-04-29;949279;565912
2021-04-30;947787;562421
2021-05-04;938344;552977
2021-05-05;947275;561909
2021-05-06;946934;561567
2021-05-07;960303;574937
2021-05-10;959734;574368
2021-05-11;941017;555651
2021-05-12;929412;544045
2021-05-13;931972;546605
2021-05-14;944601;559235
2021-05-17;941985;556618
2021-05-18;944431;559064
2021-05-19;926397;541030
2021-05-20;943748;558382
2021-05-21;946991;561624
2021-05-24;953647;568280
2021-05-25;950746;565379
2021-05-26;952054;566688
2021-05-27;954017;568650
2021-05-28;958236;570869
2021-06-01;957010;569643
2021-06-02;959005;571639
2021-06-03;954900;567534
2021-06-04;960829;573463
2021-06-07;959689;572323
2021-06-08;958720;571353
2021-06-09;963281;575914
2021-06-10;963879;576513
2021-06-11;964706;577339
2021-06-14;964478;577111
2021-06-15;965162;577796
2021-06-16;966416;579050
2021-06-17;960329;571011
2021-06-18;950332;561015
2021-06-21;958501;569183
2021-06-22;964042;574725
2021-06-23;965641;576324
2021-06-24;969983;580666
2021-06-25;972953;583636
2021-06-28;973125;583807
2021-06-29;977438;588120
2021-06-30;978952;587635
2021-07-01;981871;590554
2021-07-02;988454;597137
2021-07-05;992633;601316
2021-07-06;985936;594618
2021-07-07;991488;600171
2021-07-08;983073;591756
2021-07-09;994350;603033
2021-07-12;998128;606811
2021-07-13;1.00116e+06;609845
2021-07-14;996812;605494
2021-07-15;995094;603777
2021-07-16;990544;599226
2021-07-19;972197;580880
2021-07-20;983646;592329
2021-07-21;991488;600171
2021-07-22;993835;602518
2021-07-23;1.0054e+06;614081
2021-07-26;1.00752e+06;616199
2021-07-27;999330;608013
2021-07-28;1.004e+06;612678
2021-07-29;1.00895e+06;617630
2021-07-30;1.00551e+06;612192
2021-08-02;1.00855e+06;615231
2021-08-03;1.00327e+06;609955
2021-08-04;1.00717e+06;613855
2021-08-05;1.01044e+06;617124
2021-08-06;1.0136e+06;620279
2021-08-09;1.01282e+06;619505
2021-08-10;1.01417e+06;620852
2021-08-11;1.01497e+06;621655
2021-08-12;1.01687e+06;623548
2021-08-13;1.02071e+06;627391
2021-08-16;1.01692e+06;623605
2021-08-17;1.01709e+06;623778
2021-08-18;1.01578e+06;622458
2021-08-19;1.00666e+06;613339
2021-08-20;1.01457e+06;621254
2021-08-23;1.02587e+06;632553
2021-08-24;1.0265e+06;633184
2021-08-25;1.02834e+06;635019
2021-08-26;1.02507e+06;631750
2021-08-27;1.03034e+06;637027
2021-08-31;1.0386e+06;643279
2021-09-01;1.039e+06;643681
2021-09-02;1.04107e+06;645750
2021-09-03;1.03954e+06;644227
2021-09-06;1.04268e+06;647359
2021-09-07;1.03578e+06;640463
2021-09-08;1.03311e+06;637790
2021-09-09;1.03526e+06;639945
2021-09-10;1.02733e+06;632015
2021-09-13;1.02222e+06;626901
2021-09-14;1.02314e+06;627820
2021-09-15;1.02187e+06;626556
2021-09-16;1.02047e+06;623165
2021-09-17;1.0173e+06;619998
2021-09-20;998644;601343
2021-09-21;1.0029e+06;605604
2021-09-22;1.00806e+06;610757
2021-09-23;1.02047e+06;623165
2021-09-24;1.01776e+06;620459
2021-09-27;1.01937e+06;622071
2021-09-28;1.0006e+06;603301
2021-09-29;1.0025e+06;605201
2021-09-30;1.00229e+06;602984
2021-10-01;993718;594416
2021-10-04;984429;585128
2021-10-05;1.00214e+06;602840
2021-10-06;989564;590262
2021-10-07;1.01662e+06;617321
2021-10-08;1.01209e+06;612792
2021-10-11;1.01328e+06;613975
2021-10-12;1.00231e+06;603013
2021-10-13;998045;598743
2021-10-14;1.01703e+06;617725
2021-10-15;1.02631e+06;627013
2021-10-18;1.0292e+06;629898
2021-10-19;1.03664e+06;637341
2021-10-20;1.04241e+06;643110
2021-10-21;1.04068e+06;641379
2021-10-22;1.04183e+06;642533
2021-10-25;1.04812e+06;648822
2021-10-26;1.05401e+06;654706
2021-10-27;1.05164e+06;652341
2021-10-28;1.05476e+06;655456
2021-10-29;1.05889e+06;657591
2021-11-01;1.06172e+06;660423
2021-11-02;1.06635e+06;665048
2021-11-03;1.06577e+06;664470
2021-11-04;1.07583e+06;674527
2021-11-05;1.08485e+06;683545
2021-11-08;1.08381e+06;682504
2021-11-09;1.07794e+06;676637
2021-11-10;1.07791e+06;676608
2021-11-11;1.07265e+06;671348
2021-11-12;1.07843e+06;677129
2021-11-15;1.08011e+06;678805
2021-11-16;1.08513e+06;683834
2021-11-17;1.08161e+06;680308
2021-11-18;1.08294e+06;681637
2021-11-19;1.08563e+06;684325
2021-11-22;1.09103e+06;689730
2021-11-23;1.07681e+06;675510
2021-11-24;1.08097e+06;679672
2021-11-25;1.08548e+06;684180
2021-11-26;1.05924e+06;657938
2021-11-29;1.07005e+06;668747
2021-11-30;1.06052e+06;657215
2021-12-01;1.07375e+06;670448
2021-12-02;1.05221e+06;648905
2021-12-03;1.04885e+06;645546
2021-12-06;1.05846e+06;655160
2021-12-07;1.08348e+06;680178
2021-12-08;1.08174e+06;678440
2021-12-09;1.08371e+06;680409
2021-12-10;1.08275e+06;679454
2021-12-13;1.08021e+06;676905
2021-12-14;1.0688e+06;665497
2021-12-15;1.06645e+06;663151
2021-12-16;1.0879e+06;682581
2021-12-17;1.07644e+06;671122
2021-12-20;1.04731e+06;641996
2021-12-21;1.06338e+06;658068
2021-12-22;1.08207e+06;676750
2021-12-23;1.09245e+06;687135
2021-12-24;1.09274e+06;687426
2021-12-29;1.10614e+06;700828
2021-12-30;1.10934e+06;704019
2021-12-31;1.10458e+06;697260
2022-01-04;1.10972e+06;702404
2022-01-05;1.10827e+06;700951
2022-01-06;1.08856e+06;681246
2022-01-07;1.08351e+06;676190
2022-01-10;1.06712e+06;659798
2022-01-11;1.08415e+06;676829
2022-01-12;1.09426e+06;686943
2022-01-13;1.09409e+06;686768
2022-01-14;1.07226e+06;664942
2022-01-17;1.08086e+06;673545
2022-01-18;1.0613e+06;653986
2022-01-19;1.05776e+06;650440
2022-01-20;1.0645e+06;657183
2022-01-21;1.04003e+06;632712
2022-01-24;992773;585457
2022-01-25;1.00132e+06;594001
2022-01-26;1.02457e+06;617251
2022-01-27;1.02044e+06;613124
2022-01-28;1.0107e+06;603388
2022-01-31;1.03616e+06;626842
2022-02-01;1.04839e+06;639071
2022-02-02;1.05689e+06;647574
2022-02-03;1.05118e+06;641867
2022-02-04;1.04047e+06;631151
2022-02-07;1.04408e+06;634762
2022-02-08;1.04664e+06;637324
2022-02-09;1.06213e+06;652815
2022-02-10;1.05928e+06;649962
2022-02-11;1.04198e+06;632665
2022-02-14;1.02358e+06;614262
2022-02-15;1.03738e+06;628065
2022-02-16;1.03191e+06;622590
2022-02-17;1.02742e+06;618106
2022-02-18;1.01254e+06;603226
2022-02-21;1.00063e+06;591317
2022-02-22;1.00518e+06;595859
2022-02-23;993965;584649
2022-02-24;972272;562955
2022-02-25;1.01368e+06;604362
2022-02-28;1.02098e+06;609662
2022-03-01;1.00575e+06;594432
2022-03-02;1.02034e+06;609020
2022-03-03;1.01649e+06;605168
2022-03-04;1.00038e+06;589063
2022-03-07;991803;580486
2022-03-08;970738;559421
2022-03-09;992269;580953
2022-03-10;981883;570566
2022-03-11;989644;578327
2022-03-14;978498;567182
2022-03-15;988797;577481
2022-03-16;1.00969e+06;598371
2022-03-17;1.01936e+06;605927
2022-03-18;1.03047e+06;617037
2022-03-21;1.03655e+06;623118
2022-03-22;1.04795e+06;634520
2022-03-23;1.04456e+06;631129
2022-03-24;1.04462e+06;631187
2022-03-25;1.05181e+06;638379
2022-03-28;1.05508e+06;641654
2022-03-29;1.07403e+06;660599
2022-03-30;1.07362e+06;660190
2022-03-31;1.071e+06;655570
2022-04-01;1.0563e+06;640866
2022-04-04;1.06576e+06;650327
2022-04-05;1.06514e+06;649712
2022-04-06;1.04288e+06;627451
2022-04-07;1.04062e+06;625196
2022-04-08;1.05199e+06;636561
2022-04-11;1.03597e+06;620538
2022-04-12;1.03957e+06;624141
2022-04-13;1.03362e+06;618195
2022-04-14;1.0348e+06;619367
2022-04-19;1.03831e+06;622882
2022-04-20;1.043e+06;627568
2022-04-21;1.04569e+06;630263
2022-04-22;1.01177e+06;596344
2022-04-25;985001;569572
2022-04-26;984943;569513
2022-04-27;982716;567287
2022-04-28;985938;570509
2022-04-29;987089;569660
2022-05-03;982187;564758
2022-05-04;970917;553487
2022-05-05;973441;556012
2022-05-06;970535;553106
2022-05-09;939336;521906
2022-05-10;930707;513277
2022-05-11;942593;525164
2022-05-12;919319;501889
2022-05-13;941625;524196
2022-05-16;936459;519030
2022-05-17;950195;532766
2022-05-18;931822;514393
2022-05-19;913507;496078
2022-05-20;907050;489621
2022-05-23;928446;511017
2022-05-24;910279;492849
2022-05-25;926539;509109
2022-05-26;947847;530418
2022-05-27;965692;548263
2022-05-30;979898;562469
2022-05-31;967340;547911
2022-06-01;960576;541146
2022-06-06;971458;552028
2022-06-07;967576;548146
2022-06-08;975752;556323
2022-06-09;961399;541970
2022-06-10;916870;497441
2022-06-13;886459;467030
2022-06-14;878577;459147
2022-06-15;884841;465412
2022-06-16;863872;442206
2022-06-17;863165;441499
2022-06-20;870153;448487
2022-06-21;885104;463438
2022-06-22;887669;466003
2022-06-23;888377;466711
2022-06-24;911701;490035
2022-06-27;919722;498056
2022-06-28;908900;487234
2022-06-29;896191;474525
2022-06-30;889993;466327
2022-07-01;890821;467155
2022-07-04;897086;473420
2022-07-05;882427;458761
2022-07-06;898712;475046
2022-07-07;914819;491153
2022-07-08;922089;498423
2022-07-11;909292;485626
2022-07-12;909381;485715
2022-07-13;894397;470731
2022-07-14;882841;459175
2022-07-15;907933;484267
2022-07-18;916178;492512
2022-07-19;920848;497182
2022-07-20;933113;509447
2022-07-21;932285;508619
2022-07-22;936837;513171
2022-07-25;934265;510599
2022-07-26;924099;500433
2022-07-27;936275;512609
2022-07-28;952589;528923
2022-07-29;967120;541454
2022-08-01;975886;550220
2022-08-02;971296;545630
2022-08-03;976153;550487
2022-08-04;978078;552412
2022-08-05;971977;546311
2022-08-08;983586;557920
2022-08-09;973872;548206
2022-08-10;992530;566864
2022-08-11;999164;573498
2022-08-12;1.00201e+06;576341
2022-08-15;1.00885e+06;583182
2022-08-16;1.0161e+06;590438
2022-08-17;1.00793e+06;582264
2022-08-18;1.01148e+06;585818
2022-08-19;999105;573439
2022-08-22;982757;557091
2022-08-23;976834;551168
2022-08-24;980032;554366
2022-08-25;983290;557624
2022-08-26;972747;547081
2022-08-30;944257;518591
2022-08-31;942496;514830
2022-09-01;929289;501623
2022-09-02;950004;522338
2022-09-05;931663;503997
2022-09-06;931485;503819
2022-09-07;933563;505897
2022-09-08;948995;521329
2022-09-09;960689;533023
2022-09-12;974548;546882
2022-09-13;943683;516017
2022-09-14;935225;507559
2022-09-15;928274;498240
2022-09-16;912623;482589
2022-09-20;914111;484077
2022-09-21;917443;487409
2022-09-22;890010;459976
2022-09-23;874538;444503
2022-09-26;869836;439802
2022-09-27;868884;438850
2022-09-28;872157;442123
2022-09-29;862755;432721
2022-09-30;870825;438791
2022-10-03;868797;436763
2022-10-04;897844;465810
2022-10-05;887347;455312
2022-10-06;895697;463663
2022-10-07;870586;438552
2022-10-10;858597;426563
2022-10-11;856122;424088
2022-10-12;853647;421613
2022-10-13;858299;426265
2022-10-14;860089;428054
2022-10-17;872734;440699
2022-10-18;878459;446425
2022-10-19;880398;448364
2022-10-20;883410;451376
2022-10-21;877744;445709
2022-10-24;897576;465542
2022-10-25;913292;481258
2022-10-26;921702;489668
2022-10-27;911205;479171
2022-10-28;917110;485075
2022-10-31;923941;489907
2022-11-01;917904;483869
2022-11-02;911448;477414
2022-11-03;890168;456134
2022-11-04;889839;455805
2022-11-07;902123;468089
2022-11-08;916828;482794
2022-11-09;904036;470002
2022-11-10;934402;500367
2022-11-11;941784;507749
2022-11-14;950421;516387
2022-11-15;958969;524935
2022-11-16;946118;512083
2022-11-17;934402;500367
2022-11-18;944145;510111
2022-11-21;939602;505568
2022-11-22;948329;514295
2022-11-23;960105;526071
2022-11-24;963094;529059
2022-11-25;960045;526011
2022-11-28;951438;517403
2022-11-29;940499;506464
2022-11-30;945248;509214
2022-12-01;973762;537727
2022-12-02;968969;532935
2022-12-05;961482;525447
2022-12-06;946207;510172
2022-12-07;939168;503134
2022-12-08;946686;510652
2022-12-09;949561;513527
2022-12-12;945608;509573
2022-12-13;967771;531737
2022-12-14;968011;531977
2022-12-15;931809;493400
2022-12-16;918597;480188
2022-12-19;914153;475744
2022-12-20;910099;471690
2022-12-21;927726;489316
2022-12-22;909709;471300
2022-12-23;916435;478026
2022-12-28;909169;470759
2022-12-29;918988;480578
2022-12-30;917354;476945
2023-01-03;913081;472672
2023-01-04;922651;482241
2023-01-05;912178;471769
2023-01-06;928067;487658
2023-01-09;946575;506165
2023-01-10;933364;492954
2023-01-11;944137;503728
2023-01-12;950216;509807
2023-01-13;951420;511010
2023-01-16;958040;517631
2023-01-17;957197;516788
2023-01-18;950998;510589
2023-01-19;932762;492353
2023-01-20;943656;503246
2023-01-23;964660;524251
2023-01-24;963697;523288
2023-01-25;952714;512304
2023-01-26;964660;524251
2023-01-27;976096;535686
2023-01-30;969716;529307
2023-01-31;971716;529307
2023-02-01;977084;534674
2023-02-02;1.00459e+06;562176
2023-02-03;1.00368e+06;561271
2023-02-06;989809;547400
2023-02-07;989085;546676
2023-02-08;988965;546555
2023-02-09;991830;549420
2023-02-10;980099;537690
2023-02-13;991437;549028
2023-02-14;985587;543178
2023-02-15;993005;550596
2023-02-16;990774;548365
2023-02-17;974490;532081
2023-02-20;978863;536453
2023-02-21;965323;522914
2023-02-22;962489;520079
2023-02-23;959533;517124
2023-02-24;952568;510158
2023-02-27;958327;515918
2023-02-28;960448;516039
2023-03-01;952772;508363
2023-03-02;950415;506006
2023-03-03;968305;523895
2023-03-06;981903;537493
2023-03-07;965706;521296
2023-03-08;960629;516220
2023-03-09;964497;520088
2023-03-10;948844;504435
2023-03-13;934219;489809
2023-03-14;947152;502743
2023-03-15;929867;485458
2023-03-16;948101;501353
2023-03-17;946344;499596
2023-03-20;947919;501171
2023-03-21;960157;513409
2023-03-22;963974;517226
2023-03-23;962823;516075
2023-03-24;950160;503413
2023-03-27;960642;513894
2023-03-28;957764;511016
2023-03-29;967306;520558
2023-03-30;976394;529646
2023-03-31;986391;537643
2023-04-03;992826;544078
2023-04-04;991703;542955
2023-04-05;986088;537340
2023-04-06;987363;538615
2023-04-11;993949;545202
2023-04-12;993191;544443
2023-04-13;996347;547599
2023-04-14;998229;549481
2023-04-17;998836;550088
2023-04-18;1.00284e+06;554095
2023-04-19;1.00151e+06;552760
2023-04-20;999140;550392
2023-04-21;997653;548905
2023-04-24;997865;549117
2023-04-25;992401;543653
2023-04-26;987848;539100
2023-04-27;991369;542621
2023-04-28;1.0066e+06;555856
2023-05-02;992066;541318
2023-05-03;997936;547188
2023-05-04;984219;533471
2023-05-05;998939;548191
2023-05-09;999487;548739
2023-05-10;1.00125e+06;550503
2023-05-11;1.00046e+06;549712
2023-05-12;998635;547887
2023-05-15;1.00104e+06;550290
2023-05-16;999852;549104
2023-05-17;1.00125e+06;550503
2023-05-18;1.01384e+06;563094
2023-05-19;1.01634e+06;565589
2023-05-22;1.0188e+06;568052
2023-05-23;1.01488e+06;564129
2023-05-24;999487;548739
2023-05-25;1.00356e+06;552814
2023-05-26;1.01691e+06;566166
2023-05-30;1.02139e+06;570637
2023-05-31;1.01371e+06;560966
2023-06-01;1.02322e+06;570474
2023-06-02;1.04087e+06;588118
2023-06-05;1.04419e+06;591440
2023-06-06;1.04065e+06;587905
2023-06-07;1.04236e+06;589612
2023-06-08;1.04273e+06;589977
2023-06-09;1.04647e+06;593726
2023-06-12;1.049e+06;596255
2023-06-13;1.06235e+06;609603
2023-06-14;1.06787e+06;615119
2023-06-15;1.0716e+06;616308
2023-06-16;1.07563e+06;620340
2023-06-19;1.07011e+06;614811
2023-06-20;1.06445e+06;609160
2023-06-21;1.06268e+06;607388
2023-06-22;1.06183e+06;606533
2023-06-23;1.05731e+06;602011
2023-06-26;1.05657e+06;601278
2023-06-27;1.05914e+06;603844
2023-06-28;1.06476e+06;609465
2023-06-29;1.06818e+06;612886
2023-06-30;1.08161e+06;624311
2023-07-03;1.08467e+06;627372
2023-07-04;1.08552e+06;628228
2023-07-05;1.08534e+06;628045
2023-07-06;1.07022e+06;612926
2023-07-07;1.07653e+06;619231
2023-07-10;1.07328e+06;615987
2023-07-11;1.07677e+06;619476
2023-07-12;1.09183e+06;634533
2023-07-13;1.09538e+06;638083
2023-07-14;1.10211e+06;644816
2023-07-17;1.10162e+06;644326
2023-07-18;1.10578e+06;648488
2023-07-19;1.11484e+06;657547
2023-07-20;1.10994e+06;652650
2023-07-21;1.10933e+06;652038
2023-07-24;1.11043e+06;653140
2023-07-25;1.11319e+06;655894
2023-07-26;1.11105e+06;653752
2023-07-27;1.11974e+06;662444
2023-07-28;1.11839e+06;661097
2023-07-31;1.11935e+06;660057
2023-08-01;1.11702e+06;657726
2023-08-02;1.10519e+06;645892
2023-08-03;1.10102e+06;641723
2023-08-04;1.10592e+06;646628
2023-08-07;1.09856e+06;639270
2023-08-08;1.09292e+06;633629
2023-08-09;1.09341e+06;634119
2023-08-10;1.10028e+06;640987
2023-08-11;1.08869e+06;629398
2023-08-14;1.09415e+06;634855
2023-08-15;1.08949e+06;630195
2023-08-16;1.08606e+06;626761
2023-08-17;1.07563e+06;616337
2023-08-18;1.06594e+06;606649
2023-08-21;1.06895e+06;609654
2023-08-22;1.07649e+06;617196
2023-08-23;1.08284e+06;623542
2023-08-24;1.07778e+06;618483
2023-08-25;1.07275e+06;613455
2023-08-29;1.09599e+06;636695
2023-08-30;1.10402e+06;644727
2023-08-31;1.10768e+06;646383
2023-09-01;1.10602e+06;644724
2023-09-04;1.10586e+06;644571
2023-09-05;1.10522e+06;643926
2023-09-06;1.09373e+06;632438
2023-09-07;1.09146e+06;630166
2023-09-08;1.09613e+06;634834
2023-09-11;1.09699e+06;635694
2023-09-12;1.09662e+06;635326
2023-09-13;1.09773e+06;636431
2023-09-14;1.10178e+06;637967
2023-09-15;1.09408e+06;630271
2023-09-18;1.09322e+06;629409
2023-09-19;1.0846e+06;620789
2023-09-20;1.09045e+06;626638
2023-09-21;1.06828e+06;604474
2023-09-22;1.06674e+06;602934
2023-09-25;1.06046e+06;596654
2023-09-26;1.05061e+06;586803
2023-09-27;1.04766e+06;583848
2023-09-28;1.05455e+06;590744
2023-09-29;1.05975e+06;593945
2023-10-02;1.05482e+06;589010
2023-10-03;1.03736e+06;571553
2023-10-04;1.04113e+06;575316
2023-10-05;1.03958e+06;573774
2023-10-06;1.05186e+06;586050
2023-10-09;1.05627e+06;590460
2023-10-10;1.07604e+06;610230
2023-10-11;1.07043e+06;604617
2023-10-12;1.07456e+06;608750
2023-10-13;1.06472e+06;598911
2023-10-16;1.07518e+06;609367
2023-10-17;1.0753e+06;609490
2023-10-18;1.0666e+06;600792
2023-10-19;1.06099e+06;595179
2023-10-20;1.04045e+06;574638
2023-10-23;1.04125e+06;575440
2023-10-24;1.04224e+06;576427
2023-10-25;1.03705e+06;571245
2023-10-26;1.02132e+06;555515
2023-10-27;1.01824e+06;552431
2023-10-30;1.01904e+06;553233
2023-10-31;1.02758e+06;559772
2023-11-01;1.03747e+06;569660
2023-11-02;1.05898e+06;591169
2023-11-03;1.07591e+06;608104
2023-11-06;1.07474e+06;606929
2023-11-07;1.07968e+06;611874
2023-11-08;1.07755e+06;609741
2023-11-09;1.08012e+06;612306
2023-11-10;1.07786e+06;610050
2023-11-13;1.08735e+06;619538
2023-11-14;1.1095e+06;641695
2023-11-15;1.1117e+06;643889
2023-11-16;1.10663e+06;638821
2023-11-17;1.11065e+06;642838
2023-11-20;1.11757e+06;649761
2023-11-21;1.11701e+06;649204
2023-11-22;1.12313e+06;655323
2023-11-23;1.12449e+06;656683
2023-11-24;1.12313e+06;655323
2023-11-27;1.12227e+06;654458
2023-11-28;1.1261e+06;658290
2023-11-29;1.12394e+06;656127
2023-11-30;1.12309e+06;653283
2023-12-01;1.13139e+06;661580
2023-12-04;1.12464e+06;654831
2023-12-05;1.12935e+06;659537
2023-12-06;1.12786e+06;658051
2023-12-07;1.13157e+06;661766
2023-12-08;1.1343e+06;664490
2023-12-11;1.13739e+06;667586
2023-12-12;1.14352e+06;673716
2023-12-13;1.14941e+06;679598
2023-12-14;1.16559e+06;693219
2023-12-15;1.16683e+06;694460
2023-12-18;1.17086e+06;698494
2023-12-19;1.17577e+06;703396
2023-12-20;1.17831e+06;705940
2023-12-21;1.16882e+06;696446
2023-12-22;1.17276e+06;700386
2023-12-27;1.18048e+06;708112
2023-12-28;1.18259e+06;710222
2023-12-29;1.18472e+06;710346
2024-01-02;1.17427e+06;699903
2024-01-03;1.16688e+06;692507
2024-01-04;1.16862e+06;694247
2024-01-05;1.16532e+06;690953
2024-01-08;1.16893e+06;694558
2024-01-09;1.17577e+06;701395
2024-01-10;1.17925e+06;704876
2024-01-11;1.1744e+06;700028
2024-01-12;1.18434e+06;709973
2024-01-15;1.18332e+06;708947
2024-01-16;1.18335e+06;708978
2024-01-17;1.17446e+06;700090
2024-01-18;1.17909e+06;704720
2024-01-19;1.18869e+06;714324
2024-01-22;1.20237e+06;727998
2024-01-23;1.19976e+06;725388
2024-01-24;1.21207e+06;737695
2024-01-25;1.21157e+06;737198
2024-01-26;1.2143e+06;739933
2024-01-29;1.212e+06;737633
2024-01-30;1.21977e+06;745402
2024-01-31;1.21108e+06;734711
2024-02-01;1.2071e+06;730727
2024-02-02;1.22627e+06;749903
2024-02-05;1.22428e+06;747910
2024-02-06;1.22721e+06;750837
2024-02-07;1.23648e+06;760113
2024-02-08;1.23804e+06;761670
2024-02-09;1.24321e+06;766837
2024-02-12;1.2513e+06;774931
2024-02-13;1.233e+06;756627
2024-02-14;1.23471e+06;758339
2024-02-15;1.24271e+06;766339
2024-02-16;1.24881e+06;772441
2024-02-19;1.24377e+06;767398
2024-02-20;1.23505e+06;758681
2024-02-21;1.23337e+06;757000
2024-02-22;1.25834e+06;781967
2024-02-23;1.26419e+06;787819
2024-02-26;1.26207e+06;785702
2024-02-27;1.25871e+06;782340
2024-02-28;1.25915e+06;782776
2024-02-29;1.26264e+06;784270
2024-03-01;1.27212e+06;793749
2024-03-04;1.27692e+06;798551
2024-03-05;1.26632e+06;787950
2024-03-06;1.27262e+06;794248
2024-03-07;1.28054e+06;802167
2024-03-08;1.28316e+06;804786
2024-03-11;1.27287e+06;794497
2024-03-12;1.28359e+06;805223
2024-03-13;1.2864e+06;808029
2024-03-14;1.28174e+06;800733
2024-03-15;1.27111e+06;790110
2024-03-18;1.28336e+06;802358
2024-03-19;1.28423e+06;803233
2024-03-20;1.2878e+06;806794
2024-03-21;1.30773e+06;826728
2024-03-22;1.30142e+06;820417
2024-03-25;1.29979e+06;818792
2024-03-26;1.30142e+06;820417
2024-03-27;1.29904e+06;818042
2024-03-28;1.30811e+06;825103
2024-04-02;1.29471e+06;811710
2024-04-03;1.30254e+06;819533
2024-04-04;1.30745e+06;824446
2024-04-05;1.29446e+06;811460
2024-04-08;1.29884e+06;815841
2024-04-09;1.28977e+06;806766
2024-04-10;1.28526e+06;802260
2024-04-11;1.28507e+06;802073
2024-04-12;1.28414e+06;801134
2024-04-15;1.28044e+06;797441
2024-04-16;1.26048e+06;777478
2024-04-17;1.25341e+06;770406
2024-04-18;1.25848e+06;775475
2024-04-19;1.2449e+06;761894
2024-04-22;1.24145e+06;758452
2024-04-23;1.26223e+06;779230
2024-04-24;1.26204e+06;779042
2024-04-25;1.24896e+06;765962
2024-04-26;1.27056e+06;787553
2024-04-29;1.27312e+06;790119
2024-04-30;1.26943e+06;784424
2024-05-01;1.25435e+06;769351
2024-05-02;1.25676e+06;771763
2024-05-03;1.27839e+06;793388
2024-05-07;1.29694e+06;811941
2024-05-08;1.29494e+06;809936
2024-05-09;1.30039e+06;815389
2024-05-10;1.30359e+06;818586
2024-05-13;1.30434e+06;819338
2024-05-14;1.30553e+06;820529
2024-05-15;1.32246e+06;837453
2024-05-16;1.33079e+06;845789
2024-05-17;1.32346e+06;838456
2024-05-20;1.33089e+06;845883
2024-05-21;1.32778e+06;842781
2024-05-22;1.32954e+06;844536
2024-05-23;1.32929e+06;844285
2024-05-24;1.32647e+06;841464
2024-05-28;1.32665e+06;841652
2024-05-29;1.31844e+06;833441
2024-05-30;1.3133e+06;828301
2024-05-31;1.30415e+06;817144
2024-06-03;1.32003e+06;833027
2024-06-04;1.31808e+06;831081
2024-06-05;1.33472e+06;847717
2024-06-06;1.34043e+06;853430
2024-06-07;1.34194e+06;854936
2024-06-10;1.34049e+06;853492
2024-06-11;1.34131e+06;854308
2024-06-12;1.36165e+06;874648
2024-06-13;1.35736e+06;867806
2024-06-14;1.35699e+06;867428
2024-06-17;1.3629e+06;873341
2024-06-18;1.37139e+06;881831
2024-06-19;1.3751e+06;885542
2024-06-20;1.37667e+06;887115
2024-06-21;1.36787e+06;878309
2024-06-24;1.3734e+06;883844
2024-06-25;1.36843e+06;878875
2024-06-26;1.36755e+06;877995
2024-06-27;1.37038e+06;880825
2024-06-28;1.37968e+06;888121
2024-07-01;1.37048e+06;878925
2024-07-02;1.37533e+06;883775
2024-07-03;1.38547e+06;893916
2024-07-04;1.38825e+06;896687
2024-07-05;1.39284e+06;901286
2024-07-08;1.39807e+06;906514
2024-07-09;1.40002e+06;908466
2024-07-10;1.40431e+06;912749
2024-07-11;1.40361e+06;912056
2024-07-12;1.41344e+06;921882
2024-07-15;1.41873e+06;927173
2024-07-16;1.41747e+06;925914
2024-07-17;1.40607e+06;914513
2024-07-18;1.39404e+06;902482
2024-07-19;1.3839e+06;892341
2024-07-22;1.38862e+06;897065
2024-07-23;1.40128e+06;909726
2024-07-24;1.37237e+06;880815
2024-07-25;1.36796e+06;876405
2024-07-26;1.36702e+06;875461
2024-07-29;1.36759e+06;876028
2024-07-30;1.364e+06;872437
2024-07-31;1.39025e+06;896687
2024-08-01;1.37681e+06;883252
2024-08-02;1.33657e+06;843008
2024-08-05;1.31159e+06;818029
2024-08-06;1.32092e+06;827364
2024-08-07;1.33524e+06;841683
2024-08-08;1.33133e+06;837772
2024-08-09;1.33846e+06;844900
2024-08-12;1.343e+06;849442
2024-08-13;1.35839e+06;864833
2024-08-14;1.37107e+06;877512
2024-08-15;1.39053e+06;896971
2024-08-16;1.39315e+06;899589
2024-08-19;1.40362e+06;910060
2024-08-20;1.40721e+06;913655
2024-08-21;1.41106e+06;917503
2024-08-22;1.41043e+06;916873
2024-08-23;1.41604e+06;922487
2024-08-27;1.41251e+06;918954
2024-08-28;1.4075e+06;913939
2024-08-29;1.41775e+06;924190
2024-08-30;1.41016e+06;914602
